"pesan","label"
"alhamdulillah mudah an kita semua selalu ada dalam ada sehat walafiat ya","senang"
"ari cek lagi saja pak takut keliru","takut"
"bebas asal pak rolly izin mau coba","percaya"
"bu maaf izin tanya","takut"
"di enter engk muncul bu","takut"
"duh gusti pengin sambat","sedih"
"ganti n awas loh nam","marah"
"hal hal yang dapat laku untuk meminimalisir bahaya phishing antara lain n jangan pernah kirim informasi sensitif lalu e mail perlu tahu bahwa bank tidak akan minta informasi sensitif lalu e mail atau sarana elektronis lain yang tidak aman n guna anti virus yang kini n jangan klik link apa pada pesan e mail yang indikasi phishing n n konfirmasi kepada pihak bank lalu call center yang resmi jika ada minta yang curiga n n jangan pernah masuk user id dan password pada suatu halaman web yang buka otomatis pop up atau dari link ketik alamat halaman web yang akan buka n hati hati unduh attachment e mail karena dapat isi virus malware yang dapat curi data sensitif","takut"
"ibu izin tanya apabila kita telah buat rencana dengan efektif mungkin namun trnyata dana kita batas apakah rencana sebut dapat jalan efektif seperti apa yang tlh kita rencana bu","sedih"
"jangan egois dong masa iteung melulu yang ngertiin kamu iteung juga kan mau erti hiks","sedih"
"jangan manggil dulu yaaa","marah"
"kok saya bingung bu blank hari ini punten","sedih"
"marah mulu heran","sedih"
"oke temen buat yang mau tanya silah tanya ya","percaya"
"pak maaf putus suara","takut"
"saya sudah botak pak","sedih"
"yang lain mana ya wah jangan pada tidur nih","sedih"
"bapak","sedih"
"fitri pak saya selalu tidak bisa log in","sedih"
"harus nya gin hadeuhh","marah"
"aamiinn pak terima kasih","senang"
"ada yang tahu kenapa ga atau yang sama kenapa bisa gitu","sedih"
"ada pak proccurement sales order management dan production","percaya"
"ada di excel fatur","marah"
"ada lagi yang ingin tanya","percaya"
"ada yang bisa beri contoh","percaya"
"ada yang tahu apa itu context diagram","percaya"
"ada yang benar tidak pak","sedih"
"ada yang mau tugaasss dr saya","marah"
"aduh kibord nya rusak","sedih"
"aduh sama euy","sedih"
"aduh si amri belum masuk absen wkwkwk","senang"
"aduh si iteung ih","sedih"
"aduhh muncul lagi","sedih"
"agama belum bu","sedih"
"agung itu fakboy pak","senang"
"ahahahha selamat yaa syamsuu","senang"
"akhir benar ayeuna mah","senang"
"akhir ada he","senang"
"akhir kembali ke jam mula walupun ngantuk karena biasa bangun siang","senang"
"akses langsung update database saja tidak","percaya"
"aku gamasuk pa sudah ganti juga siap","sedih"
"aku juga tidak erti","sedih"
"aku juga belum dapat jodoh","sedih"
"aku kok tidak tulis teung","sedih"
"aku mah cowo tertawa","sedih"
"aku percaya ke pada allah bapa bapa yang maha kuasa khalit langit dan bumi","percaya"
"aku si tuju saja wkwk","percaya"
"aku udh ambil absen di kelas bu seny tapi nama aku ngk iteung bikin kalau aku hadir iteung","sedih"
"akwoakka jaring kentang","senang"
"alhamdulilah sae bu","senang"
"alhamdulillah terimakasih ibuu","senang"
"alhamdulillah sekarang coba di cek nama di absen apa sudah sesuai dan sudah ada semua","senang"
"alhamdulillah untuk kuliah hari ini kita via zoom yah nanti kita mulai jam saja jadi kalian siap siap saja dulu","senang"
"alhamdulillah ada pak nama saya","senang"
"alhamdulillah akhir iteung","senang"
"alhamdulillah baik pakk","senang"
"alhamdulillah arti aman iya kita zoom","senang"
"alhamdulillah deh mau uts lagi","senang"
"alhamdulillah janji kita buat prodi d ti sudab kabul sedikit pak yusril sudah senyum bahagia","senang"
"alhamdulillah terima kasih bu","senang"
"alhamdulillah saya sudah pak","senang"
"alhamdulillah sehat pak aamiin iya allah","senang"
"alhamdulillah selamat iya pak jaka sukses acara hatur nuhun maksi nya","senang"
"alhamdulillah telah sekian siang","senang"
"alhamdulillah sudah ada pak","senang"
"alhamdulillah sudah apk","senang"
"alhamdulillah sudah bu","senang"
"alhamdulillah sudah pak","senang"
"alhamdulillah sudah pak terima kasih","senang"
"alhamdulillah terima kasih bu","senang"
"amel jangan nambahin","marah"
"amin pak terima kasih","senang"
"ampun deh anak zaman sekarang","marah"
"anak bimbing saya benar sudah bisa semua","percaya"
"anak anak boleh coba comment nanti iteung akan absen","percaya"
"anak anak boleh coba komunikasi dg iteung mesti ada kata iteung","percaya"
"anak anak saya sdg coba sistem absensi baru","senang"
"anak anak saya sdg coba sistem presensi baru yang hubung ke siap","senang"
"apakah anjur download sap pak","takut"
"apakah ini sudah benar bu","takut"
"apa sih gajelas banget mattt","marah"
"apa sih tidak jelas deh","marah"
"apasii kamu gajelas","marah"
"asal rista jangan ngilang pas lagi sayang nya","takut"
"asikkk udh pada bimbing","senang"
"assalammualaikum ibu maaf menganggu yang tadi nama belum ada gmna iya bu","sedih"
"assalamualaikum anak anak kenal ini neng iteng nu pang geulisna ijin gabung untuk pantau kuliah online kita","senang"
"bu izin tanya sampai janberapa ini","takut"
"assalamualaikum pak saya kirim proposal nya tolong di koreksi kalau sudah selesai tolong kirim ke bu nisa","percaya"
"assalamwalikum pak saya alek brahma izin buat tidak ikut kelas hari ini pak di karena saya lagi di jalan mau ke kampung pak lihat nenek sakik pak","takut"
"astaghfirullah daritadi dong","sedih"
"atau salah terjemah notasi klimat saya","marah"
"atur mulai minggu depan saya tidak akan terima ubah absensi apabila tidak aktif di grup","marah"
"atur mulai minggu depan saya tidak akan terima ubah absensi apabila tidak aktif di grup","marah"
"tahu ah gelap","sedih"
"ayo coba anak anak","marah"
"ayo ganti jawab","percaya"
"ayo pak di mulai saja kuliah","percaya"
"ayoo dong iteungg dan baik","sedih"
"ayu lestari kasus sama kayak sih faisal","marah"
"baaik terima kasih kasih pak","senang"
"baca tidak atur","marah"
"baca lah tentu kamu baca apa tidak","marah"
"baik sudah saya catat yang jawab kata kunci multithreading pada perangkat keras","percaya"
"baik bapak laksana","percaya"
"baik bapak akan di kerja","senang"
"baik bu terima kasih saya sudah absen","percaya"
"baik bu dapat erti terimakasih bu","percaya"
"baik bu trimakasih","senang"
"baik elsaa terimakasih jawab yang informatif","percaya"
"baik ibu alhamdulillah","senang"
"baik mis maaf salah","takut"
"baik pak oh iya murnia izin tanya pak kemarin sempat nyobain untuk praktikum kenapa nessusnya tidak bisa di install iya pak","takut"
"baik pak tertawa","senang"
"baik pak terima kasih pak","senang"
"baik pak terimakasih","percaya"
"baik pak terimakasih atas koreksi mohon maaf","sedih"
"baik pak terimakasihhh","senang"
"baik pak maaf salah","takut"
"baik pak nanti dinda minta bantu kang ari","senang"
"baik pak terima kasih banyak","senang"
"baik pak nanti bagi saya ganti ke sunda","sedih"
"baik saya erti terimakasih","senang"
"baik cukup jelas jawab dari kelompok terima kasih","senang"
"baik pak terimakasih banyak","senang"
"bapak izin kirim untuk yang satu temu dulu belum terinput oleh iiteung karena iiteung tidak merespon terus bagaimana pak","takut"
"bapak izin lambat pak jaring sini agak susah pak","takut"
"bapak nama saya tidak ada uang pak","sedih"
"bapak nama tidak ada","sedih"
"bapak yang bikin bingung","marah"
"bapak apakah tidak bisa pakai software lain selain visio","sedih"
"bau badan kamu","marah"
"bawel rik eh beres itu jurnal kirim belum tuh","marah"
"beberapa jalan tutup","sedih"
"begitu bukan sril","sedih"
"belum ada bu","sedih"
"belum bu hhehe","takut"
"belum bu bagimana bu maaf bu","takut"
"belum paham bahasa sunda pak","sedih"
"belum saya rapihkan pak","sedih"
"benar ieu budak minta di kepret","marah"
"beneran keren kreatif","percaya"
"sebentar sebentar minum dulu","percaya"
"sebentar pa nanti angga join wc dulu hehehe","senang"
"sebentar saya bantu","senang"
"sebentar sudah nemu masalah hehehe","senang"
"berani dia iya bicara kayak gitu bagaimana nanti kalau masuk kuliah kita ospek dia","marah"
"arti anda tidak perhati saya kan","marah"
"arti harus sama pak","marah"
"arti lapor harus ambil dari siap iya biar tahu","percaya"
"arti tadi saya alfa atau masuk pak","sedih"
"asa promosi si jdnya aku","sedih"
"beres saja iya biar tidak ada hutang","percaya"
"syukur saja yang penting masih hidup","senang"
"besok besok saya kalau lupa ruang nanyak iteung saja","senang"
"besok pantau ajar maya kait tugas","marah"
"betul rasa pinter padahal belum tentu otak fungsi","percaya"
"betul mona itu arti tidak sesuai dengan ada usaha percuma buat rencana tapi tidak bisa jalan","percaya"
"betul pak lagi runding di grup kelas","percaya"
"biar enak angha testing","percaya"
"biar kita bisa mikir kuasa cot wkwk","senang"
"biarin saja dan tinggalin saja manusia kayak gitu","marah"
"bingung iya wkwkwkwk","senang"
"bisa di ulang lagi tidak pa","takut"
"bisa kan pak","percaya"
"bisa lanjut saja dulu","percaya"
"bisa kamu we","marah"
"bisa tinggal buat saja wkwkwkwk","senang"
"bodoamat goblok sia","marah"
"bodoamat saya mah iteung","marah"
"bohong itu pak","marah"
"boleh bu saya tuju","percaya"
"boleh buu hehhe","senang"
"boleh lama lockdown saya juga jadi takut mau potong rambut","takut"
"boleh tapi jangan hanya paragraf iya","percaya"
"bolehh buu boleh banget","senang"
"bu saya izin off cam iya bu soal saya sedang di luar","takut"
"bu alwi juga izin lambat masuk zoom masih jalan buu","takut"
"bu ikan kami waktu diskus dulu bu","takut"
"bu izin tanya bu untuk data belum kita ganti material ke customer specific data bagaimana data sebut dapat kita terima bu","takut"
"bu izin tanya kena flowchartnya ada koreksi salah tidak bu","takut"
"bu izin off cam bu lagi tidak di rumh","takut"
"bu izin off camera jaring saya tidak stabil bu","takut"
"bu izin off kamera soal putri lagi nemanin ibu ke pasar bu","takut"
"bu kalau sudah langsung enter bu","takut"
"bu maaf gambar nya kurang jelas bu","takut"
"bu maaf izin tanya untuk pasti waktu untuk uts itu sampai jam siang malam bu terimakasih","takut"
"bu maaf kurang jelas dapat dari mana","takut"
"bu maaf mau tanya ini guna nomor handphone atau nomor wa","percaya"
"bu maaf mau tanya yang ini","takut"
"bu maaf rumah saya mati lampu izin cari tempat ngecas dulu buu","takut"
"bu mohon maaf izin off camera karena jaring saya tidak stabil bu sebab hujan","takut"
"bu nabil pas diback balik gin lagi bu terus pas dienter balik ke yang akhir tadi bu","sedih"
"bu nama tenri kok tidak ada di absen iteung","sedih"
"bu nisa slow respond lagi wkwkwkw","sedih"
"bu punya saya gin","sedih"
"bu satrio izin lambat masuk zoom masih dalam jalan pulang bu","takut"
"bu saya izin tanya apakah dalam rencana kita wajib pikir tentang waktu","takut"
"bu saya telah di enter seperti ini","takut"
"bu yang saya lama banget","sedih"
"bu yang di handphone nunggu dulu iya bu gabisa di klik","sedih"
"buat ngupdate tabel mst mahasiswa","percaya"
"buka laptop gih","percaya"
"bukan hanya isi nomor handphone doang","marah"
"bukan juga pak","sedih"
"bukan nambah kodingan kan","sedih"
"bukan ngeclick ke absensi wkwkwkwkwkwk","senang"
"buru ayu ganti","marah"
"buru kamu urus itu teman kamu","marah"
"capek saya ulang ulang ngomonhnya","marah"
"cek plagiat coy","marah"
"cieeq yang ldr an akhir ketemu","senang"
"close nya pakai commit","percaya"
"coba saja bapa ambil contoh pesan errornya","percaya"
"coba di refresh lagi web whatsapps nya","percaya"
"coba info apa salah si bambang","marah"
"coba yuk kita kerja dengan guna rumus elastisitas yang sudah saya share","percaya"
"cukup dan kalian istirahat","marah"
"cukup tugas saja yang kirim","marah"
"cuma kita ada batasanya","sedih"
"cuma iya itu karena pos indonesia orang mikirnya jd tukang pos saja","marah"
"curiga saya koar koar sini kalian pada tidak fokus iya","marah"
"di urus saja mer","percaya"
"deh begitu saja tidak perlu repot","marah"
"dari tadi saya marah jeung netizen kamu kamarana","marah"
"dasar iteung jelek","marah"
"delivery numbernya brp","marah"
"demam dan sakit kepala bu","sedih"
"demi allah pak handphone saya nge lag tadiii maaff pakk","takut"
"di coba terus sampai muncul nama","percaya"
"di kolom handphone bukan telepon yah","percaya"
"di siap di wa ini","marah"
"dia bot juga mungkin v","senang"
"dia rie sudah kali nanyak lupaaaa terus","marah"
"dia tinggal di pluutooo","marah"
"baca iya banding dengan ppt lain yang sudah saya kirim","percaya"
"dicky itu nya hapus","marah"
"didganti format jd oake angka bukan","marah"
"kasi garam baru tahu","marah"
"mana kamu rubah","marah"
"mana nya bu","sedih"
"silah kepada maria dan nian","percaya"
"belah mana bu yang harus saya enter takut error","takut"
"aduh ampun iteung","takut"
"aduh ey nyieun masalah deui","takut"
"dul cek nomer cek nama profil cek semua","marah"
"unduh dl materi di siap iya","percaya"
"eh boleh tanya x gak kalau boleh aku mau","takut"
"eh iya maaf bu salah","takut"
"eh maaf bu ke capslock","takut"
"eh salah bot v","senang"
"memang tidak bisa pak wkwkwk","senang"
"enakkkkkkkkkkkk sudah percaya saja kalau enak","percaya"
"tidak ada pak","takut"
"tidak yaampun wkwk","takut"
"eta netizen komplok iteung","marah"
"file nya sudah saya satu ganti dengan file yang sudah saya aplod kembali iya","percaya"
"filenya gabisa di buka bu tadi download","sedih"
"foto saja kayak rambooo","marah"
"tidak baca dia","marah"
"tidak boleh gituu","sedih"
"tidak lucu teung","marah"
"tidak ada uang yang manggil kamu","marah"
"tidak ada kuota ya sudah absen","marah"
"tidak ada tulis matkulnya","marah"
"tidak jelas kamu boss","marah"
"tidak lebaran ada corona","sedih"
"tidak perlu di cop atas cukup npm nama masing masing","marah"
"tidak sesuai atur ya sudah absen","marah"
"tidak perlu di kirim di repo saya","sedih"
"tidak perlu pakai nun","marah"
"tidak meengerti melulu","sedih"
"ganti nama coy","marah"
"gapaham saya pak","sedih"
"gapapa kata ibu nyaa","percaya"
"geleut ku saya kamu","marah"
"geli lihat stiker ini astaga","marah"
"gilir wasanri yang pas pas saja langsung nanggep kamu bambangg","marah"
"gin saja udh bahagia banget pak","senang"
"gin terus bu","sedih"
"tidak ada kisi kaya biasa pak wkwkwkwk","senang"
"tidak ngehargai si iteung dia v","senang"
"goblog sia iteung","marah"
"tidak apa apa back saja","percaya"
"tidak apa apa kan bu","takut"
"grup kamu pak kalau tidak salah kampus hanya beri data mahasiswa saja pak","percaya"
"begitu saja kali ya","takut"
"saya mulai dicuekin","marah"
"saya tanya nya sayang bukan sehat bodoh iteung","marah"
"haa kalian sepi iya","senang"
"hadeuh arti dari kemarin kakak perempuan salah loh nazila","marah"
"tertawa tertawa weeii","senang"
"tertawa suka sekali anda","senang"
"hahaha agung kena lagi wkwkwkw","senang"
"hahaha iya benar pak","senang"
"hahaha jahat ih","senang"
"hahaha sabar iya","senang"
"hahahaha lucu iya iteung","senang"
"hahahahah awas zhunun","senang"
"bahagia weekend anak anak","senang"
"harus suruh ke rumah bapak lagi kasih makan bebek","senang"
"hasil koma pak gapapa","takut"
"hati di jalan pak","sedih"
"hayu atu gas yakali tidak hayyuuuuu","percaya"
"hayu kelompok wkwk","senang"
"hayu sholat sholat","percaya"
"he iya buk maaf","takut"
"he iyaa pak","senang"
"hehehe iya bu tidak apa apa","senang"
"hehehe iyaah pak mungkin efek rumah beling v","senang"
"hehehe terima kasih bu","senang"
"hmmm oke pak","sedih"
"ia ibu sudahh bu tapi tidak bisa dikarenaarna jaring di kampung susah banget bu","sedih"
"ia kirim kesa iya memang kirim mana","marah"
"ia tapi kamu mana","marah"
"ibu handphone dan leptop saya tidak bisa zoom","sedih"
"ibu ini bagaimana ya","sedih"
"ibu ini maksud kan iya bu atau bukan bu","takut"
"ibu izin tanya kalau ngirim email tapi ada tulis dalam antre itu bagaimana iya","takut"
"ibu izin tanya di ppt hal kan ada tanya untuk yang tidak milik nomor api arti dppnya langsung kali untuk cari pph pasal","takut"
"ibu kenapa ratu tidak ada","sedih"
"ibu maaf jaring saya tadi jelek","sedih"
"ibu maaf izin tanya untuk gform itu bagaimana iya bu buka butuh akses juga","takut"
"ibu maaf mau tanya bagi sales sales org data yang keluar hanya segitu bu gmn iya bu","takut"
"ibu maaf saya di more nya tidak ada juga bu","sedih"
"ibu maaf tetep beda bu material udh saya ganti jadi m tetep beda bu","sedih"
"ibu punten mau nanyaa kalau kaya gin bagaimana yaaa","takut"
"ibu ratu belum","sedih"
"ibu saya sudah input di siap tpi kok tidak ada daftar anma","sedih"
"ibu mohon maaf belum saya syifa anisa izin tanya kena orang sales person yang jual pinggir jalan butul pada saat itu saya posisi bagai calon customer yang dia tawar jual sebut aku bagai orang rawan yang ingin jual produk minum asa kemas dalam botol tetapi turut saya untuk porsi minum botol sebut sedikit pricy harga karena tidak sesuai dengan pasar serta masa pun tidak tarik jual itu dengan pakai biasa terus sedikit paksa kita untuk beli produk dia dengan iming bahwa hasil penjualanya akan sumbang tetapi saya bagai calon customer rasa kurang percaya dengan jual tsb takut minumanya kasih racun gitu bu nah tadi di ppt bagi developing rapport","takut"
"ibuu asti pusinggg","sedih"
"ibuu maksud dari rumus ada saat ini itu yang gimana","takut"
"ide anggabudah babgus dan luar biasa","percaya"
"ih tidak nyambung loo","marah"
"iiteung moga sehat kuat dan selamat yah wassalam","senang"
"ingat server kemmouannya batas","sedih"
"ingat iya asal tulis copas dari internet plagiat saya hempas dari grup ini","marah"
"ingat iya awas dan hati hati dalam tulis jika copas dari internet plagiat saya hempas dari grup ini tidak ada alas apa","marah"
"ingat iya saya tidak akan memafkan mahasiwa yang upload tugas luar folder pribadi jangan nyampah direvo saya nyampah","marah"
"ini apa sih","marah"
"ini bisa di ulang lagi ga kurang di erti soal","takut"
"ini bisa kita pilih salah satu","percaya"
"ini bukan context diagram","marah"
"ini contoh rama","percaya"
"ini diback iya bu","takut"
"ini juga bukan","marah"
"ini makhkuk astral dari mana lagi kamu","marah"
"ini media chatting","marah"
"ini robot sudah sesuai cuma jangan sesuai ingin kamu sekali saja left dari grup","marah"
"ini saya lagi rubah pak","takut"
"ini sdh semua absen takut belum silah absen dulu belum ibu serah ke baak","takut"
"ini sdh semua absen takut tadi masih lewat belum ibu serah ke baak","takut"
"ini sih lucuuu","senang"
"ini soal sila kerja dengan penuh gembira dan rasa syukur","senang"
"ini tugas saya bu maaf lambat bu","takut"
"ini sudah benar belum bu","takut"
"ini untuk link bimbing nya pak terima kasih waktu","senang"
"ini robot kami cipta agar tidak kibul sama netizen","marah"
"input manual saja sampai kemarin tidak","percaya"
"iteung saja tidak mau sama davan","sedih"
"iteung aku kangen","sedih"
"iteung lagi pms marah marah ih","marah"
"iteung ngeselin oge ih","sedih"
"itu ada koma nya","marah"
"itu dia bapak buat he","senang"
"itu gmna","sedih"
"itu nama disaster","marah"
"itu tutor lengkap wkwk","senang"
"itu sudah semua","percaya"
"iya betul jadi apa beda sama bahasa yang formal","percaya"
"iya bu hhehe maaf lupa","takut"
"iya bu lanjut","senang"
"iya bu maaf","takut"
"iya bu kenapa","takut"
"iya fer aku juga rasa","percaya"
"iya gais bantubelum paham bu","takut"
"iya ini mau saya tutup yaa","percaya"
"iya kah maap maap","takut"
"iya pak bagi dosen yang lain sudah tuju untuk mata kuliah libur pak","percaya"
"iya pak pagi dan kalau tidak salah itu jam pagi pak mulai","percaya"
"iya pak pusing","sedih"
"iya pak sudah di klik tinggal dapat tuju dari bapak","percaya"
"iya semua kemunmgkinan","percaya"
"iya simpan didatabase","senang"
"iya slalu jaga bersih dan sehat nya jangan lupa olah raga biar diam di rumah tidak nambah berat badan pula","takut"
"iya tanyain aja nanti sekali minta tambah saja yak","percaya"
"iya malam itu buat kita lbh produktif benar wkwkwk","senang"
"iyaa betul buu","percaya"
"iyaa bu ehhehe","senang"
"iyaa bu hehehe maaf lupa bu","takut"
"iyaa pak saya belum ke absen","sedih"
"iyaa pak alhamdulillah","senang"
"iyaa pak harus semangatt","senang"
"iyaa saya tuju pak","percaya"
"iyaaa ih aku lapar teung","sedih"
"iyah baik pak","percaya"
"iyah percaya kok pak percaya tertawa","percaya"
"izin bertamya lagi pak untuk kisi uts apa saja iya pak materi yang di uji yang mana saja iya","takut"
"izin tanya bu untuk uts nanti itu apa saja yang harus di siap materi","takut"
"izin tanya bu untuk kirim apakah tetap ke email yang belum bu","takut"
"izin tanya bu untuk soal dan perlu buat diagram atau tidak iya buu","takut"
"izin tanya ibu di word saya header jenis whisp tidak ada bagaimana iya bu","takut"
"izin tanya mekanisme utsnya pak","takut"
"izin tanya kumpul exercise masih tidak ada batas waktu pak","sedih"
"izin bisa ulang lagi bu absenua","takut"
"izin bu nama saya tidak terinput","takut"
"izin bu absen belum tutup","takut"
"izin bu belum absen","takut"
"izin bu nama saya belum ada","takut"
"izin bu nama saya belum muncul di absensi","takut"
"izin bu nama saya belum ada","takut"
"izin diukang lagi bu absenya","takut"
"izin makan absen ulang makan","takut"
"izin makan saya belum muncul","takut"
"izin ingat bu ada anak bimbing ibu yang mau bimbing juga bu telah saya","takut"
"izin kumpul tugas dari kelompok pak terimakasih","takut"
"izin kumpul tugas kelompok pak","takut"
"izin kumpul tugas kelompok pak","takut"
"izin kumpul tugas kelompok pak","takut"
"izin kumpul tugas pak dari kelompok","takut"
"izin kumpul tugas pak kelompok","takut"
"izin kumpul tugas pak kelompok","takut"
"izin pak mungkin ada rekomendasi untuk sistem operasi pak","takut"
"izin untuk tugas kelompok pak","takut"
"jadi di tiap dosen itu tidak ada matakuliah kapita selekta","percaya"
"jadi gmna absen pak yang belum","sedih"
"jadi kita gambar dulu ruang lingkup dari sistem yang akan kita bangun","percaya"
"komentar tapi tidak cek","marah"
"jadi percuma gitu bu hehehe ngomong ngomong makasii buu","senang"
"jaga sehat juga unt semua be safe dan salam untuk keluarga di rumah yaa","percaya"
"jaka sembung makan buah ini anak perlu di rukyah","marah"
"jangan kalau begitu ih mau kuliah","sedih"
"jangan baik baik saja nadzila kamu mesti lebih aktif","marah"
"jangan bikin aku bingung dong lebih baik cariin aku jodoh","sedih"
"jangan bu ini kan minggu istrahat dulu","sedih"
"jangan foto kelas belum nya ya pasti nati sya periksa sama","takut"
"jangan harap iteung maaf","takut"
"jangan hujat saya","takut"
"jangan ketawa iteung","marah"
"jangan lupa excel nya juga","takut"
"jangan bahkan ganjenin iteung","takut"
"jangan ngeyel angga","marah"
"jangan pak nanti tidak bisa mantap mantap wkwkwkwk","senang"
"jangan panggil namanyaa aduhh","marah"
"jangan pergi","sedih"
"jangan sedih kalau begitu iteung","sedih"
"jangan teruss nanti nabrak belok dikit","takut"
"janji jam loh","marah"
"jatuh pak tidur terlalu brutal","sedih"
"jawab iteng aku butug jawab","sedih"
"jd kan simple","senang"
"jd tadi betul jawab dr teman kalian iya semua gantung pada tuju awal","percaya"
"jika di siap nomor ponsel tidak isi nanti tidak akan di rekap oleh iteung","marah"
"jujur mana saja kamu","marah"
"galak banget sia","marah"
"kabur satu lagi wkwkwk","senang"
"kacau banget iteung","sedih"
"kaget ini iteung jangan ngegas dong huhuhuhu","sedih"
"kalau ada yang lambat abai dan saya tidak mau rekap data ulang","marah"
"kalau sudah sila lihat ajar maya nya iya","percaya"
"kalau tidak salah ada bu","percaya"
"kalem di backup ku saya ganti ngeronda na","percaya"
"kalian yakin nomor hape sdh diupdate","percaya"
"kalian yang masih aktif buka wa dan mau absen sila isi chat","percaya"
"kalau ada kudeta mati saja iya wkwkwkwk","senang"
"kalau diajarin bahasa tidak bisa iya guys hahaha","senang"
"kalau sudah di enter saja bu","takut"
"kalau uda keluar ship to party berat dan lain lain baru di save","percaya"
"kalau sudah beres jangan lupa issues nya di close","percaya"
"pak nama saya tidak ada di absen pak","sedih"
"kalau untuk sekarang sisa kuota tinggal wa saja pak mau keluar beli kuota lagi hujan","sedih"
"kami dari kelompok izin kumpul tugas pak","takut"
"kamu saja lah di hapus nama nya dari kampus sekali","marah"
"kamu jujur tolong mana aja baru saya maaf","marah"
"kamu kan main hp ini ni akibat terlalu banyak fitnah","marah"
"kamu mana saja","marah"
"kamu yang datenng sendiri","sedih"
"kan sudah sama iiteung","percaya"
"kan saya sudah informasi jauh jauh hari","marah"
"kan tim jd bagi bagi tugas","percaya"
"kang angga sudah bikin fungsi lagi pak situ wkwkkw","senang"
"kangen kuliah bu","sedih"
"karena kalau jadi record yang sama maka akan jadi redudansi data bu","takut"
"karena sinyal pak pas pke zoom lambat","sedih"
"karu teuing iteung lelah","sedih"
"kata bukan working day pak","marah"
"kaya gitu format","marah"
"kaya jalan asia afrika sudah di barikade dan polisi jaga situ","sedih"
"kaya simsimi bu","senang"
"kayak gin lansung save bu","takut"
"kayak simi simi di tanya apa jawab nya apa","sedih"
"kayak kamu sudah sial","marah"
"kayak ketik nama saja","percaya"
"dengar bu tetapi kecil suara bu","sedih"
"kekmana field nya","marah"
"kemarin sama kang ari menu cuma kasih pak","sedih"
"kemarin waktu saya download versi pak tapi ketika sudah terdownload justru jadi seperti pak kalau tidak salah","percaya"
"kenapa sedih iteung","sedih"
"kenapa tolong manusiawi sih serber bukan maslahbnambah hardisk nte kalau jd pakai serentak bisa overload kayak ajar maya","marah"
"keras bah hahaha","senang"
"sedia untuk hadir kami ucap terima kasih","senang"
"khusus buat kadek saja saya inputin manual sisa silah guna stiker yang paling unik dari masing","percaya"
"kita akhir iya kuliah dengan hamdalah nonmuslimnsilakan sesuai","percaya"
"kita lihat saja minggu depan","marah"
"kita mual bua pak","takut"
"kita mulai yaaa","percaya"
"kita putus iya","sedih"
"kalau buat paragraf boleh bu","takut"
"kalau sudah selesai boleh di logout pak","takut"
"kalau yang akhir jam sudah submit iya sudah","percaya"
"kalau di bahas dr sisi database semua ada tolak ukur","marah"
"kalau tidak aktif jangan rekam","percaya"
"kalau butuh query informasi saja dinda sini tidak apa apa","percaya"
"kalau sudah tahu kita salah mendinf informasi jangan jd netizen yang tidak didik","marah"
"kamu kamu donks sosialisasi di grup kelas","marah"
"kamu tolong dinpantau kawan sini semua","percaya"
"kok saya tidak ada","sedih"
"kok saya tidak ada uang di list","marah"
"kok saya juga tidak ada bu","sedih"
"kodingannya memang ada yang error ini","sedih"
"kok aku tidak ada","sedih"
"kok di read doang sih teung","sedih"
"kok gada aku","sedih"
"kok heru santoso iya wkwkwk","senang"
"kok incorret melulu iya","sedih"
"kok jadi heru suroso wkwkwk","senang"
"konotasi dan kosakata nya kurang pak","sedih"
"maha si kamu","marah"
"kuota annur tip bu","sedih"
"kuy lah mikir keras biar lbh go global wkwk","senang"
"lagi dibenerin sama dinda pak","takut"
"lagi uji coba tlg baca tunjuk yang saya share","marah"
"lah nantangin kamu iteung","marah"
"lahh memang iya kan dari tadi yuuu","marah"
"lahhh sedih aku dong","sedih"
"langsung lanjut ke","percaya"
"langsung selesai saja pak","marah"
"laptop di pakai kerja sama orang tua bu","sedih"
"lagi di coba dulu pak pelan","percaya"
"lihat di youtube yang saya ikan","marah"
"pusing iteung aku tidak erti tahu","sedih"
"kamu kalau mau becanda lihat situasi sama tempat","marah"
"love you iteung","senang"
"lumayan panjang query nya kalu mau cari dia ulang atau tidak dan ribet kasi nanti iteungnya stress","sedih"
"maaf iteung jangan pundung","takut"
"maaf ada salah tulis nyata","takut"
"maaf bapak kita kan yang belum ke absen itu temu pertama nah kalau bikin absen lagi gin kan bahkan jadi temu ke sedang temu pertmanya tetap tidak absen dan absen yang sekarang ini harus jadi absen buat besok pak jadi bagaimana pak","takut"
"maaf bu nama devi masih belum terinput bu","takut"
"maaf bu sinyal rama hilang ilangan bu siang ini jadi chat nya agak lama masuk nya","sedih"
"maaf bu baru lihat","takut"
"maaf bu tidak maksud","takut"
"maaf bu izin tanya waktu kumpul nya batas nya sampai kapan bu","takut"
"maaf bu jadi punya saya bagaimana","takut"
"maaf bu nama saya belum ke input","takut"
"maaf bu nama saya tidak ada","takut"
"maaf bu nma saya tidak ada uang","takut"
"maaf bu belum prita kurang paham bu","sedih"
"maaf bu typo maksud baik he","takut"
"maaf bu ini ketik apa di tulis di kertas","takut"
"maaf bu kalau seperti ini arti sudah iya bu","takut"
"maaf bu saya belum bisa masuk karena masih incorrect bu","takut"
"maaf bu kode matkul crm apa bu","takut"
"maaf buu nama saya tdak ada","takut"
"maaf cuma ke capture gin","takut"
"maaf ibu lambat","takut"
"maaf ibu apakah kami langsung jawab sekarang tanya atau lanjut kelompok lanjut dulu yang prsntasi","takut"
"maaf iteung kok saya tidak kena input padahal stay di grup","sedih"
"maaf itu keponakan ribut melulu","takut"
"maaf izin of cam jringan saya kurang stabil pak","takut"
"maaf pak ini kan dari anak yang ke absen baru untuk temu pertama","takut"
"maaf pak izin tanya kena waktu kumpul kapan iya pak terimakasih pak","takut"
"maaf pak memang belum bagus bahasa inggris","sedih"
"maaf pak izin agak lambat soal masih mau sholat pak","takut"
"maaf pak masih banyak yang belum absen","takut"
"maaf pak saya belum absen","takut"
"maaf pak saya belum ke absenn","takut"
"maaf pak saya belum daftar pak","sedih"
"maaf pak saya izin offcam karena sinyal kurang stabil pak","takut"
"maaf pak saya sudah dowload aplikasi nya tapi aplikasi nya error","sedih"
"maaf belum pak dewi tidak dapat ikut zoom karena listrik mati pak jaring otomatis down terimakasih banyak belum pak","takut"
"maaf salah deteksi plagiat","sedih"
"maaffin aku iya iteung","sedih"
"maaf iya tadi tidak teliti","takut"
"maaf tapi kedengeran kan","takut"
"maam nama saya tidak ada","sedih"
"mafkan saya dengan tidak tahun ini","takut"
"magaretha mah izin tidak ikut","takut"
"mahasiswa minta untuk daftar nomor handphone aktif yang dipake di grup wa di sistem siap","marah"
"main billiard muluh sih brayy","percaya"
"makan nasi padang yu","senang"
"makanya kita mesti ngitung equivalent unit dulu arti kita meng ekivalensikan nilai unit barang tengah jadi ke nilai produk akhir","percaya"
"terima kasih mell udh bantu jawab","senang"
"terima kasih iya banyak pak","senang"
"bahkan di bisnis iya pak","marah"
"bahkan nnya nasi padang wkwk","senang"
"malam ini harus selesai dan info saya","marah"
"males saya searching inimah v","marah"
"males kenapa sih","marah"
"makan aku izin lambat yah miss soal lagi ada acara rumah","takut"
"makan mohon maaf ijin zoom saya keluar masuk makan karena jaring tempat saya kurang bagus","takut"
"mamam tah iteung","marah"
"mana ini ayu","marah"
"mana nasi padang nya","marah"
"mandi bos yang belum mandi","marah"
"kamu keasupan jurigg haaa","senang"
"mantap aman arti iya","senang"
"manusia memang pasti selalu salah","sedih"
"mari kita laksana wajib","senang"
"masih adzan kita tunda dulu rekam nya iya","percaya"
"masih beda ibu","sedih"
"masih bisa canda dong wkwk","senang"
"masih bisa canda dong wkwk","senang"
"masih bisa canda dong wkwk","senang"
"masih bisa tanya","marah"
"masih di temu bahasa linggis ini tolong di edit ganti basa sunda iya","marah"
"masih tidak faham yang rumus ada saat ini bu","sedih"
"masih paham pak","takut"
"materi sudah saya share di ajar maya silah baca lebih dahulu","percaya"
"materi yang bop sudah saya kirim di ajar maya","percaya"
"material dan kerja rumah sudah ada","percaya"
"material nya uda isi belum austin","marah"
"mati saja kamu teung","marah"
"mau jedotin kepala di tembok","marah"
"mau nanya catat suara boleh gak","takut"
"paham pancasilla dengan metode filsafat itu memang sangat penting untuk laku karena pijak pada jaman dulu bahwa pancasilla itu hanya anggap bagai dasar negara saja tapi tidak tahu apa sih benar makna dari pancasilla itu seperti olah olah orang orang itu di doktrin sehingga akibat banyak jadi negatif yang atas nama pancasilla sehingga telah jadi bagai jadi sebut banyak orang yang trauma dengan pancasilla oleh karena itu penting sekali paham arti makna sebeneranya dari pancasilla sendiri guna metode filsafat agar kita semua tidak salah dalam amal yaitu dengan konsep filsafat yaitu metafisika hakikat ontologi esgimologi ilmu tahu aksiologi nilai","percaya"
"coba ambil data geospasial pak","percaya"
"rusak nama juga","marah"
"mohon maaf kalau galak iya","takut"
"mohon maaf iya kalau bahasa kacaw","sedih"
"minggu depan tidak ada alas apa","marah"
"minta contoh excel yang benar nya dong pak saya masih takut salah","takut"
"mksdnya jelas apa gtu pak hehehe","senang"
"mnurut aku sih sama kak hand truck pallet nama lngkpnya","percaya"
"mohon arah pak","sedih"
"mohon izin pak maaf kami belum dapat power point ana hadist dan ijtihad yang di bahas saat temu ganti di hari selasa kemarin jika boleh kami ingin minta file power point untuk bahan ajar hadap uts pak belum terimakasih pak","takut"
"mohon maaf bu jaring di tempat saya tidak stabil bu tiba tiba keluar zoom bu","takut"
"mohon maaf bu nama saya belum terinput iiteung","takut"
"mohon maaf bu nama saya belum cantum","takut"
"mohon maaf bu saya belum ke list","takut"
"mohon maaf bu nama saya belum ada","sedih"
"mohon maaf izin mati kamera karena jaring tidak stabil pak","takut"
"mohon maaf izin mati kamera pak karena jaring tidak stabil","takut"
"mohon maaf pak akan segera saya kirim pak laptop saya not responding pak","takut"
"mohon maaf pak absen hari ini belum di input oleh iteung","sedih"
"mohon maaf pak izin tanya apakah tugas nya individu atau kelompok","takut"
"mohon maaf pak izin mati kamera karena jaring yang tidak stabil jadi putus putus pak suara","takut"
"mohon maaf pak nama saya tidak ada di abaen","takut"
"mohon maaf pak nama saya tidak ada absen","takut"
"mohon maaf belum pak mohon izin tanya pak untuk video tutorial atau referensi apakah ada pak dalam praktikum pak terima kasih pak belum","takut"
"mohon mahasiswa untuk ganti nomor handphone di siap politeknik pos indonesia","marah"
"mudah kok yang penting jangan gugup percaya diri selalu","percaya"
"mudah an aman saja ya","percaya"
"mulai besok kita akan guna sistem absen baru","senang"
"mulai lagi pak","percaya"
"mungkin salah satu dengan klarifikasi apa yang telah di sampai","senang"
"musnah si heru","senang"
"mesti ganti semua wkwkwkwk","senang"
"nabil belum bu","sedih"
"nama aku tidak ada","sedih"
"nama aku tidak ada bu","sedih"
"nama aku juga belum ada buk","sedih"
"nama kamu baca tidak intruksi yang saya tulis di grun ini guna mata dengan teliti nanti gak daftar absensi protes kau","marah"
"nama ku tidak masuk juga","sedih"
"nama saya tidak ada uang","sedih"
"nama yang mana","marah"
"nama tidak ada pak","sedih"
"namun tidak muncul bu","sedih"
"nanti kalau masalah corona sudah selesai dan sudah masuk seperti biasa hubung saya akan dapat sesuatu","percaya"
"nanti kalau salah insert bagaimana pak","takut"
"nanti tambah harddisk wkwkwkwk","senang"
"netizen tidak ada braiinn","marah"
"ngebug programmnya wkwkwkwkkw","senang"
"ngelist sendiri v","senang"
"tidak sanggup apa ini","sedih"
"tidak ada di absen nama pak","sedih"
"nggk boleh males teung","percaya"
"nomor wa nomor handphone nomor telpon beda semua pak play boy overdose","marah"
"nol mu hapus telor","marah"
"nomor nya","marah"
"nomor rekening kali iya akaowka","senang"
"nanti inoutin absensi manual salah salah jiga","marah"
"nanti kalau saya komentar sini kira bawel","marah"
"nanti saya intruksikan robot pantau kalian mana saja","marah"
"nurul hikmah mas tidak muncul iya","marah"
"nurul juga pak","sedih"
"nurul kamu kmn aja ini dasar komen yang ambil","marah"
"nurul mau tanya buk tapi sudah jawab semua di catat suara ibu wkwk","senang"
"oh sebentar pak","percaya"
"oh maaf saya salah kamar","takut"
"oh oke coba","percaya"
"ohh iya maaf bu lupa pencet","takut"
"ohh siap bu nuhun","senang"
"ohiya baik pak terimakasih","senang"
"ohiya teman terimakasih telah jawab","senang"
"oiya lupa close make commit wkwkwk","senang"
"oiya terima kasih kak","senang"
"ok jangan sebut nama iya","marah"
"ok iya sudah betul","percaya"
"okay kalau sudah sy akhir ya","percaya"
"oke coba lagi","percaya"
"oke coba lagi","percaya"
"oke hari ini beres semua arti iya","percaya"
"oke kalau begitu kamu download di ajar maya saya modul temu","percaya"
"oke pak terima kasih","percaya"
"oke yori terima kasih","senang"
"okey dh bres nanti ibu kirim link iya","percaya"
"okey langsung click good issue","percaya"
"okey ringgal save ada di bawah tertawa","percaya"
"okey sir let me hitung yang sudah ngumpulin","percaya"
"okok sebentar saya coba dulu","percaya"
"ooohhhh baik bu erti","senang"
"otak mesum kamu ibadah juga","marah"
"owh ia syukur","senang"
"owh kamu bagus syukur","senang"
"pak maaf kok saya ini tidak bisa yaa","sedih"
"pada diem dulu weyy","marah"
"pada rencana strategis kan itu poin nya wujud misi maksud nya wujud misi tuh bu langsung kembang semua rencana dan visi misi nya bu atau ada seperti poin nya lagi kaya rencana oprasional","takut"
"padahal aku mau tanya tapi tidak ada sinyal","sedih"
"pagi bu puji syukur baik buu","senang"
"pagi iteung maaf mau tanya saya kenapa tidak pernah ada di absen yaa pdahal nomor saya di wa sama di siap sudah sesuai dan saya sering jawab juga di group mohon di jawab iya iteung hatur nuhun","sedih"
"pak angga push kode abis itu coba bapa cek iya pak apa yang harus dipindahin","percaya"
"pak izin tanya apabila jadi human error pada pihak bank negotiation dan pada giat lunas bayar kepada eksportir itu lebih hari maka akan akibat seperti apa pak","takut"
"pak izin tanya kenapa absensi nya hanya pak terima kasih","takut"
"pak izin lambat masuk zoom sinyal tidak stabil","takut"
"pak kok saya tidak ada","sedih"
"pak kok saya tidak di absen sama iteung padahal nomor telepon yang siap sudah sesuai sama nomor wa","sedih"
"pak maaf absen diedmodo juga atau engga","takut"
"pak maaf belum keinput semua sama iiteung","takut"
"pak maaf izin off kamera lagi nemanin orang tua pasar","takut"
"pak maaf kok nama saya tidak di input si iteung","sedih"
"pak maaf saya izin tidak ikut zoom soal lagi antar ibu ke rs","takut"
"pak mohon di absen ulang karena ada bagi yang tidak ke absen","sedih"
"pak mohon izin tiba tiba sinyal saya hilang hilang pak di bekas hujan pak","takut"
"pak mohon maaf belum pak nama tmn proyek saya tidak ada pak","sedih"
"pak mohon maaf belum pak nama tmn proyek saya tidak ada pak","sedih"
"pak mohon maaf izin off camera pak jaring saya kurang stabil karena hujan pak","takut"
"pak mohon maaf jadi absen saya bagaimana iya pak","sedih"
"pak mohon maaf nama saya belum ada pak","takut"
"pak mohon maaf belum pak nama teman proyek saya tidak ada pak","sedih"
"pak nama saya tidak ada di absen dan nomor handphone di siap juga sudah di benerin pak","sedih"
"pak saya belum ada di absen","sedih"
"pak saya tidak ada","sedih"
"pak saya sudah input","percaya"
"pak saya tidak baca di absen itengnya pada sudah ganti nomer handphone","sedih"
"pak punya saya tiba tiba keluar sendiri dan tidak bisa masuk lagi bagaimana pak","sedih"
"siap sudah bu","percaya"
"pak untuk tugas deadline sampai jam berapa terima kasih","takut"
"pakai bahasa indonesia dong tidak erti ini","sedih"
"pakai varchar saja angga kmrin kan sudah saya bilang","marah"
"pakai yang itu tidak","percaya"
"kepala bapak kamu","marah"
"para mhs karena waktu sudah habis saya akhir kuliah atau temu ke dua hari ini sampai jumpa lagi minggu depan moga kita senantiasa sehat wal afiat moga covid segera lalu assalamualaikum wr wb","percaya"
"parah abang ini","sedih"
"pas di ganti kamu klik simpan kan ja","percaya"
"password ny apa iya bu","takut"
"ken di pressing saja inimah","marah"
"ken nyoba pak takut wktu praktek error heehe","takut"
"atur mulai minggu depan saya tidak akan terima ubah absensi apabila tidak aktif di grup","marah"
"baik kembali iya","percaya"
"percaya soal ngulik ke hanif saya mah dan","percaya"
"perlu bandwidth sbrh ieu tertawa","senang"
"temu lanjut di hari jumat yh pak jika tidak salah","percaya"
"punten pak slide nya smpe","takut"
"punteun pak nama saya belum ada","sedih"
"punya saya juga c bu","sedih"
"quiz di ajar maya error pak wkwkwk","senang"
"rangkum unit sudah","marah"
"regi coba ulang lagi dr awal kalau begitu","percaya"
"rugiiiiii pak jatuh semuaa","sedih"
"bisa saja tusuk gigi","marah"
"saat ecek kerja proyek","percaya"
"sabar sabar jangan nyolot fal","percaya"
"sabar kenapa sih","marah"
"sadar syukur diri sempurna","senang"
"sama bu","sedih"
"sama bu prita juga engga ada good isue nya bu","sedih"
"sama bu saya incorret juga","sedih"
"sama di blog sudah dinda update juga cara untuk dosen tanya jadwal kuliah ke iteung","senang"
"sama sini juga dari dzuhur tadi ntah kenapa","sedih"
"sama nia jugaaa hwaaa","sedih"
"sama nunggu revisi dari dospem","sedih"
"sama sama selamat iya mudah an manfaat buat kalian nanti ta","senang"
"sama sekarang","percaya"
"sarap kamu teung","marah"
"satu lagi din bikin modul ngecek disk usage si iteung","percaya"
"saya beri waktu menit untuk explore kait dfd","percaya"
"saya bikin selesai kelas iya uji coba masuk tidak","percaya"
"saya desi nurfitri izin tanya bu dalam jelas buku kena common master data itu ada istilah representative division itu maksud seperti apa iya bu kalau dalam sap soal kalau di kamus tidak jelas arti bu terimakasih bu","takut"
"saya tidak erti pak ini gimana","sedih"
"saya gabisa isi bu kolom nya","sedih"
"saya izin capture boleh pak","takut"
"saya juga belum tadi mam heheehe","sedih"
"saya kangen kampus teung","sedih"
"saya kasih waktu menit lagi untuk baca slide saya yang model dengan dfd","percaya"
"saya tidur mam yang mau absen tidak enak sama yang lain maaf map","sedih"
"saya lupa kadek kan lagi nyepi arti kita bisa meeting lusa","percaya"
"saya mau menang loh ini","marah"
"saya perhati pak saya sudah ikut arah bapa","sedih"
"saya pak sama rekan saya kurnia","sedih"
"saya panggil kalau mau buka kelas dan tutup kelas saja","marah"
"saya sudah pah","percaya"
"saya sudah pak trimakasih","senang"
"saya nyata sudah bu he","takut"
"saya tunggu data paling lambat jam malam","marah"
"saya tunggu tanggap","percaya"
"saya sudah update nomor dari minggu kemarin makan","sedih"
"sayang belum tepat","sedih"
"sbntar iya apa pakai spasi atau engga","takut"
"sabar bos jangan marah sama netizen","marah"
"sabar iya angga","sedih"
"scroll ke atas di whatsapp grup ini","marah"
"bagai informasi ini adalah sistem artificial intelligent buat sistem absen jd di abai saja yaaa tidak perlu di panggil","marah"
"harus masuk punya dia salah tapi hasil akhir benar ahahha","senang"
"sekali angga riset lagi pak si iteung biar makin kenceng lagi wkwkwk","senang"
"sekarang lihat slide","marah"
"selamat malam bapak maaf izin lapor tugas sudah saya kerja terimakasih","percaya"
"selamat pagi bu saya henny mohon izin belum bu karena di tempat saya ada hujan lebat malam dan banjir mati listrik sejak jam pagi dan wifi di rumah mati juga bu baterai handphone juga lowbatt saya mohon izin bu apabila hingga jam mata kuliah ibu listrik di tempat saya masih belum nyala juga sehingga kendala ikut kuliah terima kasih banyak belum bu","takut"
"selamat siang assalamualaikum materi week sudah saya upload ke google drive dlm bentuk pdf sila ajar apabila ada pertanyan bisa sampai lalu wa grup","percaya"
"selamat siang pak tuju","percaya"
"selamat iya ikut senang","senang"
"selamat iya nam","senang"
"selamat iya pak","senang"
"selamat iya pak candidate dr santoso sukses nderek bingah","senang"
"selamat yaaaaaaa buat kalian semua","senang"
"selamat yang menang he","senang"
"selection datenya belum ubah","percaya"
"makin panjang makin bagus wkwkwk","senang"
"semangat dan selamat yang sidang hari ini yeayyy","senang"
"sementara ini saran saya begitu","marah"
"moga kita di jauh dengan virus dan di dekat dengan yang serius teung","percaya"
"semua kalau tidak salah ada mhs turut absensi si iiteung","percaya"
"sesi diskusi buka yaa silah apabila ada tanya","percaya"
"sesi tanya jawab buka iya teman","percaya"
"tuju kita tiga sabtu iya","percaya"
"siaap aman kendali pak","percaya"
"siap bapak sedang saya baik","percaya"
"siap bu terimakasih bu","senang"
"siap laksana buu","senang"
"silah diskusi dl jawab kelompok pawawa","percaya"
"silah kalau ada yang mau tanya","percaya"
"silah masuk nomor wa ke profil di siap format pakai tanpa guna","percaya"
"silah tidur saja pak he","senang"
"sila kepada iteung di absen","percaya"
"so sibuk kamu","marah"
"soal quiz dan materi sudah saya upload","percaya"
"soal masih sugesti dengan iteunggggg yang versi lama","sedih"
"soal virtual akun hasil akan buming nama tik produk inovasi makin raja lela","percaya"
"softwarenya di instal di laptop bambang","marah"
"sok lihat dlu paham pelan sy tunggu kalau ada yang mau nanya plis jgn manggil dia dulu ya mending ngeyutub dulu","marah"
"sok pingsan saja tidak ada yang peduli","marah"
"sok sila kerja harus ada yang tanya ketika kalian kerja tugas tsb","percaya"
"solusi nya bagaimana iya bu","sedih"
"maaf maam izin tidak ikut gmeet karena antar ibu saya ke rumah sakit","takut"
"maaf maaf kirain sudah semua","takut"
"stay safe miss","percaya"
"sudah pak","takut"
"sudah ada pak terimakasih pak","senang"
"sudah ada semua pak","takut"
"sudah ada semua nama","senang"
"sudah betul buat tutorial isi databasenya","percaya"
"sudah bisa bu terimakasih","percaya"
"sudah di input iiteung nama dosen febriani sulistiyaningsih s kom m cs mata kuliah sim logistik praktikum teori materi guna sistem informasi di lingkung global kelas b jurus d logistik bisnis tanggal waktu mulai waktu selesai temu ke wafiq azizah husniyyah nuurhidayah gagah prabowo aji adam darmawan andi nurhidayatul islamiyah istmu adzan jessica glory asteria sisilia antonia riyanti mal muhammad farhan jauhari rd gheariva aurelya fisani sarah nurul izzati mustafia mega silvia tumanggor rendi alifiansah rivan alfianto aulia mubtadiatus sholihah syamsu hidayat yasya silmi ghassani rini anatasya manurung r noverly chandra pratama ignatius dirgantara dhani al farisi ivan reski faninda rifaatus urfa rikardo riki lusel mahasiswa tidak masuk partiwi faudia marga ayu ijin try chandra puspito ijin","percaya"
"sudah masuk juga bu nomor po nya","sedih"
"sudah kok pak sudah saya update dari beberapa bulan yang lalu","takut"
"sudah lengkap pak hari dan pak fahri hari ini akan susul aju prodinya ke wakil direktur atas hal ini turut informasi bayar wali akan realisasi bulan november","percaya"
"sudah pak","sedih"
"sudah pak nomor tdinya udh di ganti agung jadi","sedih"
"sudah saya rubah pak","percaya"
"sudah saya tanya ke support iiteungnya pak namun belum ada respon","percaya"
"sudah tidak perlu minta maaf masal","percaya"
"sudah iya sampai ketemu minggu depan","marah"
"suntuk juga lockdown","sedih"
"supaya jaga denga baik","sedih"
"susah nyarinya ibu","sedih"
"saya tidak sepakat","marah"
"saya juga lagi ngitung jd pucing","sedih"
"saya now watching tidur","marah"
"syukur alhamdulillah kalau sudah masuk bu haturnuhunn","senang"
"syukur bila sudah nyala kembali","senang"
"syukur senang dengernya","senang"
"syukur terimakasih ibu nuhun ite ng","senang"
"syukur ibu ibu krismah yani ijin hari ini karena sedang plc trimakasih","senang"
"syukur jadi manfaat di buat atur button di hilang","senang"
"syukur terima kasih","senang"
"tadi kalian ngotot","marah"
"tagnya ubah wkwkwk","senang"
"takut dia pak tertawa","senang"
"tan material salah harus t mml no absen","marah"
"tapi bahkan tidak bisa isi yang basic data","takut"
"nanti saya liatin dulu","percaya"
"tahu ah tidak meengerti","sedih"
"teman teman kita mulai persentasi trakhir","percaya"
"tenang pak server iteung bukan kaleng kaleng wkwkwkw","senang"
"terima kasih atas waktu yang telah beri dan pastisipasi teman teman kurang lebih mohon maaf tetap jaga sehat biar kita cepat ketemu lagiiii","takut"
"terima kasih sdh partisipasi dlm uji coba ini","senang"
"terima kasih sdh partisipasi dlm uji coba ini","senang"
"terima kasih sudah partisipasi dalam uji coba ini","senang"
"terima kasih sudah jadi serta webinar","senang"
"terima kasih iya gaes","senang"
"terima kasih iya mbak mbak sekertaris kelas","senang"
"terima kasih yaa","senang"
"terima kasih yang sudah kumpul tugas tepat waktu","senang"
"terimakasih ibuuu jaga sehat semuanyaa","percaya"
"terimakasih kang tambah","senang"
"terimakasih terimakasih ibuu","senang"
"tertawa atas derita orang lain itu tidak baik zhunnun","marah"
"terus wae sampai si angga begang ini teh wkwk","senang"
"test saja he","takut"
"tetap begini bu","sedih"
"tidak ada maaf","marah"
"togi enak kalau misal jangan sama kelompok","takut"
"tolong jelas cara rinci proses bisnis pos yang arah kepada bisnis freight forwarder sistem bagaimana dan lain lain","percaya"
"tolong rawat dia segera","sedih"
"tolong rukyah teman kamu","marah"
"tolong anak anak semua update nomor handphone di profil di siap sesuai tunjuk","marah"
"tolong anak anak semua update nomor handphone di profil di siap sesuai tunjuk di atas","marah"
"tapi gambar er diagram guna software ms viso","marah"
"tapi susah ngeditnya pak","sedih"
"terus kamu perhati inputan nomor handphone itu sudah benar belum","marah"
"terus kirim ke sini","percaya"
"ttep belum ada pak","sedih"
"tugas dan slide sudah ada di ajar maya","percaya"
"tugas kamu ngeabsen ya","marah"
"tugas sudah saya share di gc kumpul hanya wakil orang saja","percaya"
"tuh muncul kan yang tidak aktif","marah"
"tuntut kerja iteung pak wkwkw","senang"
"sudah tidak ada yang boleh absen yaa","percaya"
"sudah jangan di panggil terus","marah"
"sudah kali download tetep filenya rusak","sedih"
"sudah ada v","senang"
"sudah banyak yang tanya plus sudah banyak yang jawab juga terima kasih yang sudah bantu jawab saya mau jawab dulu buat yang tanya agak emosi","senang"
"sudah benar semua tinggal si hari nya saja","percaya"
"sudah cukup handphone saya baterai lemah","marah"
"sudah di simpan blm","marah"
"sudah bikin tanggal tidak bisa pak","sedih"
"sudah ganti belum","marah"
"sudah ganti belooommmm","marah"
"sudah lh bahas yang lain saja aku sudah malas","marah"
"sudah masuk zona merah pak sini","takut"
"sudah mulai local lockdown mas","sedih"
"sudah otomatis bu gabisa di edit tapi masih c","sedih"
"sudah ya jan norak ok","marah"
"ulang lagi pak","sedih"
"ulang lagi saja nih","takut"
"untuk materi sudah saya upload lalu ajar maya di akhir slide ada tugas yang perlu kerja waktu minggu dan kumpul lalu link ini iya bapak ibu https forms gle vknatejxextyviyk","percaya"
"untuk moderator mas panji prasetya iya","percaya"
"untuk nama nya dalam struktur organisasi silah pilih nama teman teman sendiri siapa yang sesuai cocok isi bagi dlm struktur organisasi","percaya"
"untuk tugas yang sudah selesai boleh kumpul","percaya"
"urus anak buah itu","marah"
"urut benar bu","percaya"
"untuk temu hari ini terima kasih iya ibu absen guna iiteung iya","senang"
"waaa mantap bu","senang"
"waahh solusi bapak sangat bantu aku kes","senang"
"waalaikumussalam selamat pagi kembali pak alhamdulillah baik pak","senang"
"waduh maaf waktu habis","takut"
"wah alhamdulillah belum rumah tangga","percaya"
"wah amuk masa tuh lagi wkwkwk","senang"
"wah parah ini gudang","marah"
"wahh gitu iya pak rugi","sedih"
"wajar gakkk sihhh saya left dari grup ini","marah"
"waktu itu angga bikin index buat clickny","sedih"
"walaupun nanti duit masih receh","senang"
"wesdew jadi wkwkwk","senang"
"wifi kentang","sedih"
"wkwk iya pak pada ngenes soal","senang"
"wkwkwk siap pak","senang"
"wkwkwk harum dan tebal bedak","senang"
"iya allah tidak searching pak","sedih"
"iya betul semua","percaya"
"iya tidak bisa mas","marah"
"iya harus terima apa konsekuensi","marah"
"iya inti jangan panik tetap jaga sehat bersih dan ikut instruksi perintah","percaya"
"iya aktif lah dingrub","marah"
"iya semua betul","senang"
"iya sudah ke tuhas saja dulu","percaya"
"iya sudah lah nnti saya lapor sj orang ya rama ainun dan el","percaya"
"iya sudah say hai saja sini kalian di grup ini","percaya"
"yah aku belum download yang sap","sedih"
"yah bentrok pak","sedih"
"yang biaya tenaga kerja sudah saya kirim di sini","percaya"
"yang kapita selekta","percaya"
"yang kemarin tambahin juga iya pak","percaya"
"yang kemarin tambahin juga iya pak","percaya"
"yang lain boleh ikut gabung juga","percaya"
"yang nomor di telpon ganti ke handphone yu","marah"
"yang pasti admin itu kan percaya untuk sampai informasi yang benar","percaya"
"yang pulang kampung hati hati jalan yaa","percaya"
"yang saya lama bu soal menit","sedih"
"yang saya sudah bisa arti iya pak","percaya"
"yang sudah kumpul silah jika mau baik","percaya"
"ya sudah kamu diskusi dulu di grup kelas","marah"
"ya sudah pak eksekusi","senang"
"ya sudah tinggal tunggu wkwkw","senang"
"yeay di read jend","senang"
"yeay dijajanin dicky","senang"
"yeay mahasiswa diajarin mandiri","senang"
"yeay masih lama nyata","senang"
"yeay suka quiz","senang"
"yeayyy sekali coba bisaa selamat siang semua","senang"
"yang belum bangun segera bangun kamu","percaya"
"yang kemarin tambahin juga iya pak","percaya"
"yang pasti muas iya","senang"
"yang pentinf visio","percaya"
"yang saya sudah di ubah nomor handphone nya","takut"
"yang sudah absen silah kumpul tugas di ajar maya","percaya"
"yang tidak daftar di absensi di atas tapi tadi komen arti belum update nomor handphone di profil siap sesuai tunjuk di atas","marah"
"iya wes biarin saja","percaya"
"yuk istirahat dan bobok syantik","senang"
