pesan;label
saya mau tutup ini kuliah daring;marah
sbr bos, jangan marah sm netizen;marah
Ko saya gaada di list;marah
kamu kemana aja;marah
tuh muncul kan yang gak aktif;marah
Peraturan mulai minggu depan, saya tidak akan menerima perubahan absensi apabila tidak aktf di GRUB;marah
baca gak aturannya;marah
coba infokan apa kesalahan si BAMBANG;marah
Nomor nya 628.....;marah
ia tp kamu kemana;marah
ntr saya intruksikan robotnya memantau kalian dimana saja;marah
inilah robot kami ciptkan agar tdk dikibuli sama netizen;marah
curiga saya berkoar koar disini kalian pada gak fokus ya;marah
kita lihat aja minggu depan;marah
berani dia ya ngomong kayak gitu, gimana ntr kalau masuk kuliah kita ospek dia;marah
ayu lestari kasusnya sama kayak sih FAISAL;marah
mana ini ayu;marah
di siap 813 di wa ini 552;marah
Berarti harus sama pak;marah
Lahh emang iya kan dari tadi yuuu;marah
Yang no di telpon ganti ke handphone yu.;marah
saya mau nangis loh ini;marah
mau jedotin kepala di tembok;marah
buruan ayu ganti;marah
sudah ya sampai ketemu minggu depan;marah
besok pantau VL terkait tugasnya;marah
ampun dah anak zaman sekarang;marah
udah cukup, HP saya lowbat;marah
cukup dan kalian istirahat;marah
otak mesum kamu ibadah juga;marah
Gak usah pake + nun;marah
Ya ktif lah dingrub;marah
Bukan hanya ngisi no HP doank;marah
Trus kamu perhatikan inputan no HP itu udah bener belum;marah
Komentar tp gak dicek;marah
Udah digabti belum;marah
Jujur kemana aja kamu;marah
Klwnudah tw kita salah mendinf informasikan jgn jd netizen yg gak terdidik;marah
Ya gak bisa mas;marah
Itu namanya disaster;marah
Ya harus terima apapun konsekuensinya;marah
Kan sy sudah informasikan jauh jauh hari;marah
Berarti anda gak memperhatikan saya kan;marah
KM kamu donks sosialisasi digrub kelas;marah
Ntr klw sy komentar disini dikira bawel;marah
Atau disalah terjemahkan notasi klimat sy;marah
Ini media chatting;marah
Yaudah kamu diskusi dulu di grub kelas;marah
Minggu depan gak ada alasan apapun;marah
Gak ada kuota yaudah absen;marah
Gak sesuai aturan yaudah absen;marah
Dah gt aja gak usah repot;marah
Ini robot sudah disesuaikan cuma jgn menyesuaikan keinginan kamu, sekalian aja left dari grub;marah
Ini makhkuk astral dari mana lg KM;marah
Kamu jujur tolong kemana aja, baru sy maafkan;marah
Eta netizen komplok iteung;marah
Dari tadi aing marah jeung netizen, maneh kamarana;marah
Geleut ku aing maneh;marah
Buruan KM urus itu temen kamu;marah
Sy mw tidur;marah
Tolong rukyah temen kamu;marah
Wajar gakkk sihhh saya left dari grub ini;marah
Nama yang mana?;marah
Udah diganti belooommmm;marah
Mana nasi padang nya;marah
Netizen gak ada braiinn;marah
Pengen di pressing aja inimah;marah
Urus anak buahmu itu;marah
Ntr inoutin absensi manual bersalahan salah jiga;marah
Dia tinggal di pluutooo;marah
no wa no hp no telpon beda semua pak... play boy overdose :);marah
Foto aja kayak rambooo;marah
Jaka sembung makan buah ni anak perlu di rukyah;marah
Dikasi garam baru tau;marah
liat di youtube yg saya berikan;marah
scroll ke atas di WAG ini;marah
delivery numbernya brp?;marah
rangkuman unit 3 sudah?;marah
Langsung selesai aja pak;marah
tp menggambar ER-diagram menggunakan software MS. VISO;marah
ingat ya saya tidak akan memafkan mahasiwa yang upload tugas diluar folder pribadinya, JANGAN NYAMPAH direvo saya, NYAMPAH = 0;marah
tidak ada maaf;marah
softwarenya di instal di laptopmu bambang;marah
cukup tugasnya aja yang dikirimkan;marah
malam ini harus selesai dan infokan kesaya;marah
saya tunggu datanya paling lambat jam 8 malam;marah
kalau ada yang lambat abaikan dan saya gak mau rekap datanya ulang;marah
biarin aja dan tinggalin aja manusia kayak gitu;marah
ia kirim kesa ya emang kirim kemana;marah
kekmana field nya;marah
sarap lu teung;marah
Pakai varchar aja angga kmrin kan udah sy bilang;marah
Kenapa tolong manusiawikan sih serber, bukan maslahbnambah hardisk, nte klw jd dipakai serentak, bisa overload kayak VL;marah
Jangan ngeyel angga;marah
Sy gak sepakat;marah
Klw di bahas dr sisi database semua ada tolak ukurnya;marah
Sementara ini saran sy begitu…;marah
bawel rik. eh beresin itu jurnal kirimannya belum tuh;marah
Bohong itu pak.;marah
masih di temukan bahasa linggis ini. tolong di edit ganti basa sunda ya;marah
Mahasiswa diminta untuk mendaftarkan nomor HP aktif (yang dipake di grup WA) di sistem siap;marah
amel jangan nambahin;marah
Ada yg mau tugaasss dr saya?;marah
Jangan ketawa iteung;marah
GUA NANYA NYA SAYANG, BUKAN SEHAT GOBLOK ITEUNG;marah
Goblog sia iteung;marah
Jutek bgt sia;marah
Dasar iteung jelek;marah
So sibuk lu;marah
Kumaha si kamu;marah
Bodoamat gblg sia;marah
BODOAMAT GUA MAH ITEUNG;marah
Sok pingsan aja ga Ad yg peduli;marah
Sebagai informasi, ini adalah sistem artificial intelligent buat sistem absen ..jd di abaikan saja yaaa enggak usah di panggil2;marah
Saya panggil kalau mau buka kelas dan tutup kelas saja;marah
Giliran wasanri yg pas-pasan aja langsung nanggep lu bambangg;marah
Lah nantangin lu iteung;marah
udah ya, jan norak. ok?;marah
Males kenapa sih ?;marah
Ayo dicoba anak2;marah
Tolong, anak2 semua update no hp di profilnya di SIAP sesuai petunjuk;marah
Ini apasih ??;marah
Lagi uji coba, tlg baca petunjuk yg saya share;marah
Tolong, anak2 semua update no hp di profilnya di SIAP sesuai petunjuk di atas;marah
Yg tdk terdaftar di absensi di atas, tapi tadi komen,  berarti belum update no hp di profil SIAP sesuai petunjuk di atas.;marah
Dicky itu 0 nya dihapus;marah
Kaya gitu formatnya;marah
gak perlu di copi atasnya cukup npm nama masing-masing;marah
mohon mahasiswa untuk mengganti nomor Handphone di Siap Politeknik Pos Indonesia;marah
jika di siap no ponsel tidak diisi nanti tidak akan di rekap oleh iteung;marah
sekarang lihat slide 6;marah
Ganti nama coy;marah
mamam tah iteung;marah
Didganti formatnya jd oake angka 62 bukan 0;marah
Kayaknya lu udah kampret;marah
Nama kau  Baca gak intruksi yg saya tuliskan di grun ini,gunakan matamu dengan teliti, ntr gak.terdaftar diabsensi protes kau!!;marah
Dimana kau rubah;marah
Cape sy berulang ulang ngomonhnya;marah
Baca lah ketentuannya, kau baca apa gak;marah
Tugas kamu ngeabsen ya?;marah
Ga lucu teung;marah
Bisa lo we;marah
Mandi bos yang belom mandi;marah
Tan materialmu salah harusnya T-MML-no absenmu;marah
katanya bukan working day pak;marah
ud jgn d panggil2 trus;marah
males gw , searching inimah :v;marah
Pala bapak kau;marah
Merusak nama juga;marah
gaada yang manggil lu;marah
malah di bisniskan ya pak;marah
Sa ae tusuk gigi;marah
Janjiannya jam 9 loh;marah
wah parah ini gudang;marah
ingat ya asal tulisannya copas dari internet, PLAGIAT, saya hempaskan dari grub ini;marah
ingat ya awas dan hati hati dalam tulisannya, jika copas dari internet, PLAGIAT, saya hempaskan dari grub ini tidak ada alasan apapun.;marah
cek plagiatmu coy;marah
nurul km kmn aja..ini berdasarkan komen yg diambil;marah
tadi kalian ngotot;marah
Dul cek nomer, cek nama profil, cek semuanya;marah
Kamu kan main hp. Ini ni.. akibat terlalu banyak memfitnah;marah
Lo kalo mau becanda liat situasi sama tempat;marah
Tertawa diatas penderitaan orang lain itu tidak baik zhunnun;marah
Gak jelas lu boss;marah
Jangan baik baik aja nadzila kamu mesti lebih aktif;marah
gua mulai dicuekin;marah
itu ada koma nya;marah
Material nya uda diisi blm austin?;marah
Ada di excel fatur;marah
ini bukan context diagram;marah
ini juga bukan;marah
nurul hikmah masi ga muncul ya;marah
Mati aja lu teung;marah
Jangan panggil namanyaa aduhh;marah
Bau badan lu;marah
Apasii lu gajelas;marah
sok dilihat dlu,, dipahami pelan2..sy tunggu kalau ada yg mau nanya..plis..jgn manggil2 dia dlu ya..mending ngeyutub dlu;marah
apasih gak jelas deh;marah
Udah di simpan blm?;marah
bener ieu budak minta di kepret;marah
ga baca dia;marah
Nol mu hapuslah telor;marah
bapak yang bikin bingung;marah
"ganti².. 
awas loh nam";marah
gak ada tulisan matkulnya;marah
Ok jangan sebut namanya ya;marah
Ih ga nyambung loo;marah
Pada diem dulu weyy;marah
Apasih gajelas bgt mattt;marah
Kamu aja lah di hapus nama nya dari kampus sekalian;marah
Masih bisa tanya ?;marah
"jangan manggil"" dulu yaaa...";marah
6285863396012 harus nya gini hadeuhh;marah
Hadeuh berarti dari kemarin teh salah loh nazila;marah
Geli liat stiker ini, astaga -_-;marah
Dia rie udah 4 kali nanyak lupaaaa terus;marah
Sabar kenapa sih;marah
Cuma ya itu krn Pos Indonesia orang2 mikirnya jd tukang pos aja;marah
Iteung lagi pms marah marah ih:(;marah
udah lh  bahas yang lain aja  aku udah malas;marah
Haha ngakak weeii;senang
Itu dia bapak buat 26 hehe;senang
Tuntutan pekerjaan iteung pak wkwkw;senang
Akhirnya ada hehe;senang
Alhamdulillah sudah ada pak;senang
sudah ada semuanya namanya;senang
Nomor rekening kali ya akaowka;senang
Akwoakka jaringan kentang;senang
Eh salah bot :v;senang
ngelist sendiri :v;senang
Udah ada :v;senang
Gk Ngehargai si iteung dia :v;senang
Dia bot juga mungkin :v;senang
Jangan pak, nanti gak bisa mantap mantap wkwkwkwk;senang
Makasih ya banyak pak;senang
Haha suka sekali anda;senang
Mari kita laksanakan kewajiban;senang
Hehe iyaa pak;senang
Wkwkkw siap pak;senang
Jd kan simple;senang
Takut dia pak haha;senang
Silahkan tidur saja pak hehe;senang
Masih bisa bercanda dong wkwk;senang
Malah nnya nasi padang wkwk;senang
Hahahahah... Awas zhunun;senang
Itu tutor terlengkap wkwk;senang
kabur satu lagi wkwkwk;senang
Keras bah.  Hahaha;senang
Terus wae sampe si angga begang ini teh? Wkwk;senang
Baik Pak haha;senang
Kuy lah, mikir keras biar lbh go global, wkwk;senang
Iya, Malam itu buat Kita lbh produktif sebenarnya..wkwkwk;senang
Alhamdulillah janji kita buat prodi D4 TI sudab terkabulkan, sedikitnya pak yusril sudah senyum bahagia;senang
Yaudah pak eksekusi;senang
Biar Kita bisa mikir menguasai COT .. Wkwk;senang
Walaupun ntr duitnya masih receh;senang
Wkwkwk.. harum dan tebal bedak;senang
bisa tinggal dibuat aja wkwkwkwk;senang
Perlu bandwidth sbrh ieu? Haha;senang
Bentar pa, nanti angga join wc dulu hehehe;senang
kalo ada kudeta mati aja ya ... Wkwkwkwk;senang
Quiz di vl error pak wkwkwk;senang
wah diamuk masa tuh lagi. Wkwkwk;senang
Siap bu. Terimakasih bu;senang
Kok jadi heru suroso wkwkwk;senang
Tagnya berubah wkwkwk;senang
Musti ganti semua wkwkwkwk;senang
Kok heru santoso ya wkwkwk;senang
Bukan ngeclick ke absensi wkwkwkwkwkwk;senang
Musnah si heru;senang
maneh keasupan jurigg haaa;senang
Oiya lupa close make commit wkwkwk;senang
Baik bapak... Akan di kerjakan…;senang
Hehehe iyaah pak, mungkin efek rumah beling :v;senang
Yuk istirahat dan bobok syantik;senang
Iya simpan didatabase;senang
Wesdew jadi wkwkwk;senang
Bentar udah nemu masalahnya hehehe;senang
Semakin panjang semakin bagus wkwkwk;senang
Nanti tambah harddisk wkwkwkwk;senang
Tenang pak server iteung bukan kaleng kaleng wkwkwkw;senang
Sekalian angga riset lagi pak si iteung biar semakin kenceng lagi wkwkwk;senang
Ngebug programmnya wkwkwkwkkw;senang
bentar saya bantu;senang
Sama di blog udah dinda update juga cara untuk dosen nanya jadwal kuliah ke iteung;senang
Baik pak, nanti dinda minta bantuan kang ari;senang
Besok besok sy klw lupa ruangan nanyak iteung ja;senang
Emang kaga bisa pa wkwkwk;senang
Kang angga udah bikin fungsi lagi pa disitu wkwkkw;senang
Harus disuruh ke rumah bapak lagi kasih makan bebek;senang
Assalamualaikum anak2 perkenalkan ini neng iteng nu pang geulisna. Ijin bergabung untuk memantau perkuliahan online kita;senang
Happy weekend anak2;senang
Hehehe iya bu gpp;senang
Kaya simsimi bu:(;senang
Alhamdulilah sae bu;senang
Waaa mantap bu;senang
terima kasih sudah berpartisipasi dalam uji coba ini;senang
Haa kalian kesepian ya;senang
Asikkk udh pd bimbingan;senang
Love you iteung;senang
mulai besok kita akan menggunakan sistem absen baru;senang
Kalo diajarin bahasanya ga bisa ya guys? Hahaha;senang
Anak2 saya sdg coba sistem absensi baru.;senang
Hahaha jahat ih;senang
Hahaha sabar ya;senang
Anak2 saya sdg coba sistem presensi baru yg terhubung ke SIAP;senang
ya semua betul;senang
agung itu fakboy pak;senang
Nurul mau nanya buk tapi sudah terjawab semua di vn ibu wkwk;senang
Makan nasi padang yu;senang
Ooohhhh baik bu mengerti;senang
Wkwkwk siap pak;senang
Hahaha iya benar pak;senang
hahaha agung kena lagi wkwkwkw;senang
aduh si amri blm masuk absen..wkwkwk;senang
Yaudah tinggal tunggu wkwkw;senang
Bersyukur aja yang penting masih hidup;senang
hayu kelompok 2 wkwk;senang
Mungkin salah satunya dengan mengklarifikasi apa yang telah di sampaikan;senang
Ohiya teman, terimakasih telah menjawab;senang
Makasih mell udh bantu jawab;senang
Baik pak terima kasih pak;senang
Oiya makasih kak;senang
Baik pak terimakasihhh;senang
Terimakasih kang tambahannya;senang
Hehehe makasih bu;senang
Baaik trima kasih pak;senang
jadinya percuma gitu bu hehehe. btw makasii buu;senang
Oke yori makasih;senang
ohh siap bu nuhun;senang
Wkwk iya pa pada ngenes soalnya;senang
Gini aja udh bahagia bgt pak;senang
syukurlah, terima kasih;senang
Mksdnya menjelaskan apa gtu pak hehehe;senang
ohiya baik pak terimakasih;senang
Gk ad kisi2 kaya biasa pak? Wkwkwkwk;senang
Iyaa pak harus semangatt;senang
baik pak, terima kasih banyak;senang
Terimakasih Terimakasih ibuu :));senang
Bingung ya wkwkwkwk;senang
Bolehh buu, boleh banget;senang
Boleh buu hehhe;senang
baik.pak terimakasih banyak;senang
Iyaa Bu ehhehe;senang
Waahh, solusi bapak sangat membantu, aku terkesan;senang
mantap aman berarti ya;senang
Sudah ada pak terimakasih pak;senang
baik bu, trimakasih;senang
Saya sudah pak, trimakasih;senang
baik, cukup jelas jawaban dari kelompok 4. Terima kasih :);senang
Alhamdulillah sudah pak makasih;senang
Iya bu lanjut;senang
Alhamdulillah akhirnya iteung;senang
Hahahaha lucu ya iteung;senang
Siap laksanakan buu;senang
Ini sih lucuuu;senang
baik saya mengerti terimakasih;senang
Alhamdulillah. Terima kasih bu;senang
alhamdulillah sudah bu;senang
alhamdulillah berarti aman ya kita zoom;senang
waalaikumussalam  selamat pagi kembali pak  alhamdulillah baik pak;senang
alhamdulillah baik pakk;senang
alhamdulillah  sekarang coba di cek namanya di absen  apa sudah sesuai dan sudah ada semuanya;senang
alhamdulillah  untuk kuliah hari ini kita via zoom yah  nanti kita mulainya jam 9 saja  jadi  kalian siap-siap saja dulu;senang
"alhamdulillah   mudah\""an kita semua selalu berada dalam keadaan sehat walafiat ya";senang
alhamdulillah sehat pak aamiin ya allah;senang
alhamdulillah sudah pak;senang
alhamdulillah saya sudah pak;senang
alhamdulillah ada pak nama saya;senang
alhamdulillah selamat ya pak jaka  sukses acaranya  hatur nuhun maksi nya;senang
terima kasih yang sudah mengumpulkan tugas tepat waktu;senang
terima kasih ya mbak mbak sekertaris kelas;senang
terima kasih yaa;senang
terima kasih ya gaes;senang
udah banyak yang tanya  plus sudah banyak yang jawab juga   terima kasih yang sudah bantu jawab  saya mau jawab dulu buat yang pertanyaannya agak emosi;senang
selamat ya pak;senang
selamat ya pak candidate dr  santoso  sukses  nderek bingah;senang
sama sama  selamat ya  mudah2 an bermanfaat buat kalian nanti ta;senang
selamat yaaaaaaa buat kalian semua;senang
utk pertemuan hari ini terima kasih ya     ibu absen menggunakan iiteung ya;senang
seharusnya masuk punya dia salah  tapi hasil akhirnya bener ahahha;senang
akhirnya  bener ayeuna mah;senang
akhirnya kembali k jam semula  walupun ngantuk  krn biasa bangun siangan;senang
cieeq yg ldr an akhirnya ketemu;senang
yg pasti memuaskan ya;senang
pagi bu  puji syukur baik buu;senang
owh kamu  bagus syukurlah;senang
selamat ya  ikut senang;senang
syukur alhamdulillah kalo sudah masuk bu haturnuhunn;senang
selamat yang menang hehe;senang
selamat ya nam;senang
syukur bila sudah nyala kembali;senang
alhamdulillah   terimakasih ibuu;senang
alhamdulillah setelah sekian siang;senang
alhamdulillah sudah apk;senang
alhamdulillah dah mau uts lagi;senang
baik ibu alhamdulillah;senang
alhamdulillah makasih bu;senang
ahahahha selamat yaa syamsuu;senang
iyaa pak alhamdulillah;senang
aamiinn pa  terima kasih;senang
amin pak  terima kasih;senang
ini untuk link bimbingan nya pak  terima kasih waktunya;senang
kesediaannya utk hadir  kami ucapkan terima kasih;senang
terima kasih sudah menjadi peserta webinar;senang
yeay masih lama ternyata;senang
yeay dijajanin dicky;senang
owh ia syukurlah;senang
yeay di read jend;senang
ini soalnya     silakan dikerjakan dengan penuh kegembiraan dan rasa syukur;senang
syukurlah jadi bermanfaat di buat aturan button di hilangkan;senang
syukurlah   terimakasih ibu  nuhun ite ng;senang
yeay mahasiswanya diajarin mandiri;senang
syukurlah   senang dengernya;senang
sadari syukuri dirimu sempurna;senang
iiteung semoga sehat kuat dan selamat yah wassalam;senang
yeayyy   sekali coba bisaa   selamat siang semuanya;senang
syukurlah ibu ibu krismah yani ijin hari ini karena sedang plc trimakasih;senang
yeay suka quiz;senang
semangat dan selamat yg sidang hari ini  yeayyy;senang
Duh ampun iteung;takut
Belum bu hhehe;takut
Yg saya sudah di ubah no handphone nya;takut
Enggak yaampun wkwk;takut
Test aja hehe;takut
Hehe iya buk maaf;takut
Sudah kok pak. Sudah saya update dari beberapa bulan yang lalu;takut
Lagi dibenerin sama dinda pak;takut
Sbntar ya apa pake spasi atau engga;takut
Password ny apa ya bu?;takut
Karena kalau terjadi record yg sama maka akan terjadi redudansi data bu;takut
Apakah dianjurkan  download sap 7.6 pak?;takut
ini saya lagi merubah pak;takut
Maaf ibu telat;takut
saya ternyata sudah bu hehe;takut
gt aja kali y;takut
Maaf bu,kode matkul CRM apa bu?;takut
Tapi malah gk bisa isi yg basic data;takut
Maaf Bu, saya belum bisa masuk karena masih incorrect Bu;takut
"Bu maaf izin bertanya
Pada rencana strategis kan itu poin nya mewujudkan misi, mksd nya mewujudkan misi tuh bu langsung mengembangkan semua rencana2 dan visi misi nya bu atau ada seperti poin2 nya lg kaya rencana oprasional?";takut
Maaf ibu, apakah kami langsung jawab sekarang pertanyaannya atau lanjut kelompok selanjutnya dulu yg prsntasi?;takut
Ibu punten mau nanyaa, kalo kaya gini gimana yaaa;takut
klo sudah selesai boleh di logout pak?;takut
Ibu maaf mau tanya dibagian sales: sales org.1 data yg keluar hanya segitu bu:( gmn ya bu:(;takut
udah masuk zona merah pak disini;takut
maafkan, tapi kedengeran kan?;takut
Mau nanya, vn boleh gak?;takut
Baik pak, maaf salah..;takut
duh ey nyieun masalah deui;takut
Maaf bu typo, maksudnya baik hehe;takut
eh maaf bu ke capslock;takut
mhn dimaafkan kl galak ya;takut
Minta contoh excel yang bener nya dong pak, saya masih takut salah;takut
Pak, untuk tugas deadline sampai jam berapa ? Terima kasih;takut
Bu saya izin bertanya, apakah dalam perencanaan kita wajib memikirkan tentang waktu?;takut
Ini udah bener belum Bu?;takut
Kayak gini lansung save bu;takut
Iya gais bantubelum paham bu;takut
Apakah ini sudah benar bu?;takut
Maaf bu, kalau seperti ini berarti sudah ya bu?;takut
Disebelah mananya bu yg harus saya enter? Takut error :(;takut
Belum bu, bagimana bu? Maaf bu;takut
Iya bu maaf;takut
Iya kah? Maap maap;takut
Maaf  iteung jgn pundung;takut
Maaf bu ga bermaksud;takut
Bu maaf mau tanya yg inii;takut
Ini bisa di ulangi lagi ga?kurang di mengerti soalnya;takut
Ohh iya maaf bu lupa pencet;takut
mafkan saya dengan ketidak tahun ini...;takut
jangan hujat saya;takut
Iya bu, kenapa?;takut
Ibu ini maksudnya 15840 kan ya bu? Atau bukan bu?;takut
Masih memahami pak;takut
Gpp kan bu ?;takut
Bu maaf kurang jelas 0,9 didapat dari mana?;takut
hasilnya koma pak gapapa?;takut
maaf bu jadi punya saya gimana ?;takut
Ulang lg aja nih?;takut
Ibuu, maksud dari merumuskan keadaan saat ini itu yg gimana??;takut
Maafkan ya td ga teliti;takut
Ini tugas saya bu maaf terlambat Bu;takut
Bisa di ulangi lg ga pa?;takut
Sudah ada semua pak;takut
Kita mualinya buakan 14.40 pak?;takut
Bu kalau sudah langsung enter bu?;takut
kalo sudah di enter aja bu?;takut
"Di enter engk muncul"" bu";takut
Bu saya setelah di enter seperti ini;takut
eh boleh nanya 2x gak? kalau boleh aku mau:(;takut
Ini diback ya bu?;takut
Klo dibuat paragraf boleh bu?;takut
Demi allah pak hp saya nge lag tadiii maaff pakk;takut
sudah 62 pak;takut
Nanti kalo salah insert gimana pa;takut
Bu berikan kami waktu berdiskusi dlu bu;takut
Terima kasih atas waktu yg telah diberikan dan pastisipasi teman teman , kurang lebihnya mohon dimaafkan tetap jaga kesehatan biar kita cepat2 ketemu lagiiii;takut
eh iya maaf bu salah;takut
Bu maaf gambar nya kurang jelas bu;takut
boleh selama lockdown, sy jg jadi takut mau potong rambut;takut
Sorry sorry kirain udah semua;takut
Saya izin capture, boleh pak?;takut
Enggak ada pak;takut
Maaf bu, ini diketik apa di tulis di kertas?;takut
Maaf bu nma saya gaada;takut
maaf bu nama saya tidak ada;takut
Baik mis maaf salah;takut
Punten pak, slide nya smpe 74;takut
Bu izin bertanya bu untuk data sebelum kita mengganti materialnya ke customer specific data, bagaimana data tersebut dapat kita terima bu;takut
magaretha mah izin enggak ikutan;takut
Saya Desi Nurfitri izin bertanya bu, dalam penjelasan dibuku mengenai common master data itu ada istilah representative division itu maksudnya seperti apa ya bu kalau dalam sap soalnya kalau di kamus tidak jelas artinya bu,terimakasih bu;takut
maaf ada kesalahan penulisan ternyata;takut
Jangan teruss nanti nabrak belok dikit;takut
Maaf itu keponakan ribut mulu;takut
Iyaa bu,, hehehe maaf lupa bu,;takut
iya bu hhehe maaf lupa;takut
"Hal-hal yang dapat dilakukan untuk meminimalisir bahaya phishing, antara lain:

- Jangan pernah mengirimkan informasi sensitif melalui e-mail. Perlu diketahui bahwa bank tidak akan meminta informasi sensitif melalui e-mail atau sarana elektronis lainnya yang tidak aman.

- Menggunakan anti virus yang terkini.

- Jangan mengklik link apapun pada pesan (e-mail) yang terindikasi phishing.

- Mengkonfirmasikan kepada pihak bank melalui call center yang resmi jika ada permintaan yang mencurigakan.

- Jangan pernah memasukkan user ID dan password pada suatu halaman web yang terbuka otomatis (pop up) atau dari link. Ketiklah alamat halaman web yang akan dibuka.

- Hati-hati mengunduh attachment e-mail karena dapat berisi virus/malware yang dapat mencuri data sensitif.";takut
iya slalu jaga kebersihan dan kesehatan nya .. jangan lupa olah raga biar diam di rumah tidak nambah berat badan pula;takut
Jangan lupa excel nya juga;takut
asal rista jangan ngilang pas lagi sayang2nya;takut
jangan malah ganjenin iteung;takut
jangan harap iteung maafkan!;takut
Jangan foto kelas sebelum nya ya.. pasti nati sya periksa sama;takut
Togi enakan kalo misalnya jangan sma kelompoknya;takut
"ari cek lagi ja pak 
takut keliru";takut
Ini sdh semua absen ... takutnya blm silahkan absen dulu sebelum ibu serahkan ke BAAK;takut
Ini sdh semua absen takutnya tadi masih kelewat sebelum ibu serahkan ke BAAK;takut
pengen nyoba pak, takutnya wktu praktek error heehe;takut
Ibu, mohon maaf sebelumnya. Saya syifa anisa, izin bertanya. Mengenai seorang sales person yang berjualan dipinggir jalan. Kebutulan pada saat itu saya posisinya sebagai calon customer yg dia tawari, penjual tersebut mengakunya sebagai seorang relawan yang ingin menjual produk minuman berasa dikemas dalam botol, tetapi menurut saya untuk seporsi minuman botol tersebut sedikit pricy harganya, karena tidak sesuai dengan pasaran. Serta kemasanya pun tidak menarik, penjual itu dengan berpakaian biasa terus sedikit memaksa kita untuk membeli produk dia dengan iming2 bahwa hasil penjualanya akan disumbangkan. Tetapi saya sebagai calon customer merasa kurang percaya dgn penjual tsb, takutnya minumanya dikasih racun gitu bu. Nah tadi di ppt bagian developing rapport;takut
pak mohon maaf nama saya belom ada pak;takut
maaf pak masih banyak yg belum keabsen;takut
pak maaf belom keinput semua sama iiteung;takut
mohon maaf pak nama saya tidak ada diabsen;takut
maaf cuma ke capture segini;takut
maaf pak saya belum absen;takut
maaf pak saya belum ke absenn;takut
mohon maaf bu  jaringan di tempat saya tidak stabil bu  tiba - tiba keluar zoom bu;takut
maaf pak  ini kan dari 25 anak yang ke absen baru 17 untuk pertemuan pertama;takut
maaf bapak  kita kan yang belum ke absen itu pertemuan pertama  nah kalau bikin absen lagi gini kan malah jadi pertemuan ke 2  sedangkan pertemuan pertmanya tetap tidak terabsen  dan absen yang sekarang ini harusnya jadi absen buat besok pak  jadi bagaimana pak;takut
mohon maaf bu nama saya belum tercantum;takut
maaf bu nama saya belum ke input;takut
mohon maaf pak nama saya tidak ada di abaen;takut
oh maaf saya salah kamar;takut
maaf buu nama saya tdak ada;takut
maaf bu  nama devi masih belum terinput bu;takut
pak maaf absen diedmodo juga atau engga;takut
mohon maaf bu  nama saya belum terinput iiteung;takut
mohon maaf pak izin bertanya  apakah tugas nya individu atau kelompok;takut
"pak maaf putus\"" suaranya";takut
mam mohon maaf ijin zoom saya keluar masuk mam dikarenakan jaringan ditempat saya kurang bagus;takut
maaf pak  izin bertanya mengenai waktu pengumpulannya kapan ya pak  terimakasih pak;takut
baik pak   oh iya murnia izin bertanya pak kemarin sempat nyobain untuk praktikum 1  kenapa nessusnya tidak bisa di install ya pak;takut
mam  aku izin telat yah miss  soalnya lg ada acara dirumah;takut
assalamwalikum pak saya alek brahma 1194036  izin buat tidak mengikuti kelas hari ini pak di karenakan saya lagi di jalan mau ke kampung pak  melihat nenek sakik pak;takut
mohon maaf sebelumnya pak  mohon izin bertanya pak untuk video tutorial atau referensi apakah ada pak dalam praktikum pak  terima kasih pak sebelumnya;takut
bapak izin telat pak jaringan disini agak susah pak;takut
izin pak mungkin ada rekomendasi untuk sistem operasinya pak;takut
mohon maaf pak izin mematikan kamera  karna jaringan yang tidak stabil jadi putus putus pak suaranya;takut
bu izin off kamera soalnya putri lagi nemanin ibu ke pasar bu;takut
bu izin off camera  jaringan saya tidak stabil bu;takut
bu mohon maaf izin off camera karena jaringan saya tdk stabil bu disebabkan hujan;takut
mohon maaf izin mematikan kamera  karena jaringan tidak stabil pak;takut
bu izin tanya sampe janberapa ini;takut
mohon maaf izin mematikan kamera pak karena jaringan tidak stabil;takut
izin bertanya bu untuk soal 1 2 dan 3 perlu dibuat diagramnya atau tidak ya buu;takut
pak izin telat masuk zoom sinyal tidak stabil;takut
maaf pak saya izin offcam karena sinyal kurang stabil pak;takut
maaf izin of cam jringan saya kurang stabil pak;takut
pak izin bertanya kenapa absensi nya hanya 86  pak  terima kasih;takut
izin bertanya bu untuk pengirimannya apakah tetap ke email yang sebelumnya bu;takut
izin mam absen ulang mam;takut
ibu izin bertanya di ppt hal 21 kan ada pertanyaan untuk yg tdk memiliki no api berarti dppnya langsung dikali 7 5   untuk mencari pph pasal 22;takut
izin mam saya belum muncul;takut
ibu izin bertanya  kalo ngirim email tapi ada tulisan dalam antrean itu bagaimana ya;takut
sorry maam  izin tidak mengikuti gmeet dikarenakan mengantar ibu saya ke rumah sakit;takut
izin bertanya bu  untuk uts nanti itu apa aja yang harus di persiapkan materinya;takut
ibu maaf izin bertanya untuk gform itu bagaimana ya bu   membukanya membutuhkan akses juga;takut
bu maaf rmh saya mati lampu  izin cari tempat ngecas dlu buu;takut
bu maaf izin bertanya untuk memastikan  waktu untuk uts itu sampai jam 12 00 siang  malam bu  terimakasih;takut
izin bertanya ibu  di word saya header jenis whisp tidak ada  bagaimana ya bu;takut
izin bu  absennya belum ditutup;takut
pak mohon izin tiba tiba sinyal saya hilang hilangan pak  di bekasi hujan pak;takut
izin bu   nama saya tidak terinput;takut
izin diukang lagi bu absenya;takut
izin bisa diulang lagi bu absenua;takut
izin bu nama saya belum ada;takut
izin bertamya lagi pak  untuk kisi2 uts apa saja ya pak   materi yg di ujikan yang mana saja ya;takut
izin mengumpulkan tugas dari kelompok 4 pak  terimakasih;takut
izin mengumpulkan tugas kelompok 1 pak;takut
izin mengumpulkan tugas kelompok 3 pak;takut
maaf bu izin bertanya waktu pengumpulan nya batas nya sampai kapan bu;takut
izin bu nama saya blum ada;takut
kami dari kelompok 5 izin mengumpulkan tugas pak;takut
izin bu belum keabsen;takut
bapak  izin mengirimkan  untuk yang satu pertemuan dulu belum terinput oleh iiteung  dikarenakan iiteung tidak merespon  terus bagaimana pak;takut
bu satrio izin telat masuk zoom  masih dalam perjalanan pulang bu;takut
bu alwi juga izin telat masuk zoom  masih dijalan buu;takut
bu  saya izin off cam ya bu soalnya saya sedang di luar;takut
izin bu nama saya belum muncul di absensi;takut
bu izin bertanya mengenai flowchartnya ada koreksi kesalahan gk bu;takut
bu izin off cam bu lagi g d rumh;takut
izin mengingatkan bu ada anak bimbingan ibu yg mau bimbingan jga bu setelah saya;takut
izin mengumpulkan tugas pak  dari kelompok 3;takut
izin mengumpulkan tugas pak kelompok 2;takut
izin mengumpulkan tugas kelompok 5 pak;takut
izin mengumpulkan tugas pak kelompok 1;takut
izin untuk tugas kelompok 4 pak;takut
selamat pagi bu  saya henny mohon izin sebelumnya bu dikarenakan di tempat saya ada hujan lebat semalaman  dan banjir  mati listrik sejak jam 4 pagi  dan wifi di rumah mati juga bu  baterai handphone juga lowbatt  saya mohon izin bu apabila hingga jam mata kuliah ibu listrik di tempat saya masih belum menyala juga sehingga terkendala mengikuti perkuliahan  terima kasih banyak sebelumnya bu;takut
maaf pak izin agak telat soalnya masih mau sholat pak;takut
mohon izin pak  maaf kami belum mendapat power point menganai hadist dan ijtihad yang di bahas saat pertemuan pengganti di hari selasa kemarin  jika boleh kami ingin meminta file power pointnya untuk bahan pembelajaran menghadapi uts pak  sebelumnya terimakasih pak;takut
pak maaf saya izin gk ikut zoom  soalnya lagi nganter ibu ke rs;takut
pak mohon maaf izin off camera pak  jaringan saya kurang stabil karna hujan pak;takut
izin bertanya mekanisme utsnya pak;takut
pak izin bertanya  apabila terjadi human error pada pihak bank negotiation dan pada kegiatan melunasi pembayaran kepada eksportir itu melebihi 7 hari maka akan berakibat seperti apa pak;takut
pak maaf izin off kamera lagi nemanin ortu kepasar;takut
mohon maaf bu saya blm ke list;takut
maaf bu baru lihat;takut
maaf sebelumnya pak  dewi tidak dapat mengikuti zoom karena listrik mati pak  jaringan otomatis down  terimakasih banyak sebelumnya pak;takut
mohon maaf pak  akan segera saya kirim pak  laptop saya not responding pak;takut
waduh maaf waktu habis;takut
Saya memperhatikan pak saya sudah mengikuti arahan bapa;sedih
Pak mohon maaf jadi absen saya bagaimana ya pak?;sedih
Maaf pak saya belum terdaftar pak;sedih
Tolong rawat dia segera;sedih
HatiÂ² di jalan pak;sedih
Au ah gelap :(;sedih
Konotasi dan kosakata nya kurang pak;sedih
Astaghfirullah daritadi dong :(;sedih
sudah dimasukkan jg bu nomor po nya;sedih
namun tidak muncul bu;sedih
Solusi nya bagaimana ya bu;sedih
Bu nisa slow respond lagi wkwkwkw;sedih
Kodingannya emang ada yg error ini;sedih
Kemaren sama kang ari menunya cuma dikasih 2 pak;sedih
Waktu itu angga bikinnya -1 index buat clickny;sedih
gak usah di kirim di repo saya;sedih
bapak, apakah tidak bisa memakai software lain selain visio ?;sedih
Belum saya rapihkan pak;sedih
4 Bapak :);sedih
lumayan panjang query nya kalu mau mencari dia mengulang atau gak dan ribet, kasian ntr iteungnya stress;sedih
Soalnya masih tersugesti dgn iteunggggg- yg versi lama;sedih
Ingat server kemmouannya terbatas;sedih
Hmmm oke pak;sedih
Sbr ya angga;sedih
Cuma kita ada batasanya;sedih
Jatuh Pak tidurnya terlalu brutal;sedih
Maaf pak emang belum bagus bahasa inggrisnya;sedih
Belum paham bahasa sunda pak;sedih
Bukan juga pak;sedih
Baik pak. Nanti sebagian saya ganti ke sunda;sedih
Saya pak sama rekan saya kurnia;sedih
Parah abang ini;sedih
Mhn dimaafkan ya kl bahasanya kacaw;sedih
Kacau banget iteung :(;sedih
Karunya teuing iteung kelelahan;sedih
Maaf bu sebelumnya, prita kurang paham bu;sedih
Aduh sama euy;sedih
Sama nunggu revisian dari dospem;sedih
jangan bu ,ini kan minggu istrahat dulu;sedih
Aku mah cowo haha;sedih
Kenapa Sedih Iteung;sedih
Aduh si iteung ih;sedih
Kamu yang datenng sendiri:(;sedih
Kaget ini iteung jangan ngegas dong huhuhuhu;sedih
Ngga sanggup apa ni;sedih
Ga boleh gituu :(;sedih
Gangerti mulu :(;sedih
Udah mulai local lockdown mas;sedih
Beberapa jalan ditutup;sedih
Kaya jalan asia afrika udah di barikade dan polisi berjaga disitu;sedih
kok aku ga ada;sedih
Agama blum bu;sedih
bukan nambah kodingan kan?;sedih
"Jangan egois dong:( masa iteung mulu yang ngertiin kamu.. iteung juga kan mau dimengerti hiks :""";sedih
Aku ko ga ditulis teung?;sedih
jangan sedih atuh iteung;sedih
Maaf pak saya sudah dowload aplikasi nya tapi aplikasi nya error;sedih
Yah aku belum download yang sap 7.30:(;sedih
6184127 Fitri, pak saya selalu ga bisa log in;sedih
Mohon arahannya pak;sedih
Tau ah gangerti :(;sedih
Izin bertanya. Pengumpulan exercise masih tidak ada batas waktu pak?;sedih
dimana nya bu :(;sedih
Pa maaf ko saya ini gk bisa yaa?;sedih
Iyaaa ih aku lapar teung:(;sedih
udah dibikin tgl 13 ga bisa pak;sedih
Sama bu saya incorret juga;sedih
"yang lain mana ya, wah jangan"" pada tidur nih";sedih
pak, punya saya tiba tiba keluar sendiri dan tidak bisa masuk lagi. bagaimana pak?;sedih
supaya terjaga denga baik:);sedih
Kok incorret mulu ya;sedih
Pak saya tidak terbaca di absen itengnya. Padalah sudah ganti nomer hp;sedih
wahh, gitu ya pak, rugi;sedih
Ad yg tau kenapa ga:( ato yg sama knpa bisa gitu:(;sedih
Ibu ini gimana ya? :(;sedih
gak lebaran, ada corona.;sedih
Begitu bukan sril?:(;sedih
Belum ada bu;sedih
nggak ada di absen namanya pak;sedih
Kedengaran bu tetapi kecil suaranya bu;sedih
Yah bentrok pak..;sedih
wifi kentang :(;sedih
Masih beda ibu:(;sedih
Ibu maaf tetep beda bu materialnya udh sy ganti jadi M020 tetep beda bu:(;sedih
Pak kok saya tidak di absen sama Iteung padahal nomor telepon yang disiap udah sesuai sama no wa ?;sedih
pak ko saya gak ada;sedih
pak saya gak ada;sedih
Ya allah ga searching pak:(;sedih
Demam dan sakit kepala bu;sedih
Pak mohon di absen ulang karna ad sebagian yg tidak ke absen;sedih
nurul jg pak;sedih
iyaa pa saya belum ke absen :((;sedih
sudah pak nomornya tdinya 087 udh d ganti agung jdi 62;sedih
Baik pak terimakasih atas koreksinya mohon maaf;sedih
Maam nama saya ga ada:(;sedih
maaf, salah, terdeteksi plagiat;sedih
Berarti tadi saya alfa atau masuk pak?;sedih
Rugiiiiii pak jatuh semuaa;sedih
Saya udah update nomor dari minggu kemaren mam;sedih
Ulang lagi pak?;sedih
Ibu kenapa ratu ga ada:(;sedih
Manusia emang pasti selalu salah;sedih
Ibu ratu belum:(;sedih
Jangan bikin aku bingung dong:( mending cariin aku jodoh:((;sedih
jangan atuh ih mau kuliah;sedih
Saya ga ngerti pak ini gimana:;sedih
Pak mohon maaf sebelumnya pak , nama temen proyek saya tidak ada pak;sedih
ada yg bener ga pak? :(;sedih
ia ibu Sudahh bu tapi tidak bisa dikarenaarna jaringan d kampung susah bgt bu;sedih
Aku udh ambil absen di kelas bu seny tapi nama aku ngk iteung bikin kalau aku hadir iteung;sedih
Bu yg di hp nunggu dulu ya bu gabisa di klik;sedih
Filenya gabisa di buka Bu tadi download;sedih
Gini terus bu;sedih
"Ibu izin bertanya 
Apabila kita telah membuat perencanaan dgn seefektif mungkin, namun trnyata dana kita terbatas. Apakah perencanaan tersebut dapat berjalan efektif sprti apa yg tlh kita rencanakan bu?";sedih
Udah 2 kali download tetep filenya rusak;sedih
Punteun pak nama saya belum ada;sedih
Saya gabisa diisii bu kolom2nya;sedih
Pak maaf kok nama saya tidak di input si iteung;sedih
Laptopnya di pake kerja sama orang tua bu;sedih
Berasa promosi si jdnya aku ):;sedih
Padahal aku mau nanya tapi ga ad sinyal:(;sedih
Maaf bu ,sinyal rama ilang ilangan bu siang ini ,jadi chat nya agak lama masuk nya;sedih
Sama disini juga dari dzuhur tadi ntah kenapa :(;sedih
Jangan pergi :(;sedih
Bu nabil pas diback balik gini lagi bu, terus pas dienter baliknya ke yg terakhir tadi bu :(;sedih
kita putus ya;sedih
Kayak simi simi di tanya apa jawab nya apa :(;sedih
Pakai bahasa indonesia dong ngga ngerti nih :(;sedih
Iya pak pusing:(;sedih
"Marah mulu,heran :"")";sedih
Lahhh sedih aku dong;sedih
Aduhh muncul lagi :(;sedih
Nabil belom bu :(;sedih
Iteung ngeselin oge ih:(;sedih
Sama bu :(;sedih
Aku juga belum dapet jodoh :(;sedih
Nama aku gk ada bu;sedih
nama ku gk msk juga;sedih
sayangnya belum tepat :(;sedih
Iteung aja ga mau sm davan:(;sedih
Aku jg ga ngerti;sedih
Ko saya ga ada:(;sedih
Tetap begini bu;sedih
Ko saya juga ga ada bu?;sedih
Nama saya gaada;sedih
Ttep blm ada pak;sedih
Mohon maaf pak absen hari ini belum di input oleh iteung;sedih
Kok gada aku;sedih
jadi gmna absennya pak yg belom ? :(;sedih
Sy juga lg ngitung jd pucing;sedih
Bu punya saya gini;sedih
Ibu saya sudah input di siap .tpi kok gk ada daftar anma;sedih
saya juga belum tadi mam. heheehe;sedih
Saya ketiduran mam, yang mau absen gk enak sama yang lain . Maaf map;sedih
Aku gamasuk pa:( udah diganti juga diSiap:(;sedih
Punya saya jg C bu;sedih
Itu gmna :(;sedih
Maaf iteung kok saya gk kena input padahal stay di grup;sedih
Kok di Read doang sih teung;sedih
Udah otomatis bu gabisa di edit. Tapi masih C;sedih
Ibu maaf saya di more nya gak ada juga bu;sedih
Sama bu prita juga engga ada good isue nya bu;sedih
sama nia jugaaa hwaaa;sedih
Assalammualaikum ibu maaf menganggu yang tadi namanya belom ada gmna ya bu:(;sedih
Ayoo dong iteungg da baik:(;sedih
Masih gak faham yang merumuskan keadaan saat ini bu;sedih
Bu nama tenri kok gak ada di absennya iteung :(;sedih
"Kok saya bingung bu
Blank hari ini punten";sedih
pak saya blm ada di absen;sedih
aduh kibord nya rusak :(;sedih
Yang saya lama bu:( soalnya 12 menit:(;sedih
Bu yang saya lama banget:(;sedih
Jawab iteng aku butug jawaban:(;sedih
Pagi iteung maaf mau nanya saya kenapa gak pernah ada di absen yaa pdahal nomor saya di wa sama di siap udah disesuaikan dan saya sering jawab juga di group . Mohon di jawab ya iteung. Hatur  nuhun;sedih
gapaham saya pak;sedih
Mohon maaf bu.nama saya blm ada;sedih
Maaffin aku ya Iteung;sedih
Kuota annur menipis bu;sedih
Sudah pak :(;sedih
Tp susah ngeditnya pak;sedih
Nama aku juga blm ada buk;sedih
kangen kuliah bu;sedih
suntuk juga lockdown;sedih
"Saya sudah botak pak :""(";sedih
Bapak nama saya gaada pak;sedih
Pak nama saya tidak ada di absen pak;sedih
Pak nama saya tidak ada di absen, dan no hp di siap juga udah di benerin pak;sedih
ibuu asti pusinggg;sedih
Nama aku gak ada:(;sedih
Saya kangen kampus teung :(;sedih
Bapak namaku nggak ada;sedih
Namaku nggak ada pak;sedih
iteung aku kangen :(;sedih
kalo untuk skrg sisa kuota tinggal wa saja pak:( mau keluar beli kuota lagi hujan;sedih
susah nyarinya ibu;sedih
Lieur iteung,aku kaga ngerti tau :((;sedih
karena sinyal pak pas pke zoom lemot :(;sedih
"Duh gusti, pengin sambat :"")";sedih
ibu hp dan leptop saya tidak bisa zoom;sedih
ibu maaf  jaringan saya tdi jelek;sedih
Mulai lagi pak;percaya
udah bener semuanya tinggal si hari nya aja;percaya
saya lupa kadek kan lagi nyepi berarti kita bisa meeting lusa;percaya
Biar enak angha testingnya;percaya
Oke pak terima kasih;percaya
Yg kemaren tambahin juga ya pak;percaya
iya semua kemunmgkinan;percaya
akses langsung update database aja ga;percaya
pake yang itu ga;percaya
buat ngupdate tabel mst_mahasiswa;percaya
Oh bentar pak;percaya
kalo udah beres jangan lupa issues nya di close;percaya
close nya pake commit;percaya
Yang kapita selekta;percaya
Jadi di tiap dosen itu ga ada matakuliah kapita selekta;percaya
Sama sekarang 2;percaya
input manual aja sampai kemaren ga;percaya
ya udah say hai aja sini kalian di grup ini;percaya
khusus buat kadek aja saya inputin manual. sisanya silahkan gunakan stiker yang paling unik dari masing2;percaya
Pak angga push kode abis itu coba bapa cek ya pak apa yg harus dipindahin;percaya
saya bikin selesai kelas ya uji coba masuk ga;percaya
oh oke dicoba;percaya
berarti laporannya harusnya diambil dari siap ya biar ketahuan;percaya
oke coba lagi;percaya
oke dicoba lagi;percaya
Baik pak terimakasih;percaya
untuk nama2 nya dalam struktur organisasi silahkan pilih nama temen2 sendiri (siapa yg sesuai/cocok mengisi bagian dlm struktur organisasi);percaya
Oke klw gt KM download di VL saya modul pertemuan 5;percaya
Trus kirim ke sini;percaya
Baik bapak laksanakan;percaya
Nanti kalo permasalahan corona sudah selesai dan sudah masuk seperti biasa hubungi saya, akan dapat sesuatu..;percaya
di coba terus sampai muncul namanya;percaya
Hayu sholat sholat;percaya
Assalamualaikum, pa sy kirim proposal nya, tolong Di koreksi, kalau sudah selesai tolong kirim ke bu nisa;percaya
main billiard muluh sih brayy;percaya
Bisa kan pak;percaya
kalem di backup ku saya. gantian ngeronda na;percaya
anak bimbingan saya sebenarnya udah bisa semua;percaya
Soalnya VA berhasil bakalan buming nama TIK produk inovasinya semakin meraja lela;percaya
Yo wes biarin aja;percaya
langsung lanjut ke 4.6;percaya
Wah Alhamdulillah belum berumah tangga;percaya
Klw gak aktif jgn direkam;percaya
Ide anggabudah babgus dan luar biasa;percaya
satu lagi din bikin modul ngecek disk usage si iteung;percaya
Klw kebutuhan query info aja dinda disini gpp;percaya
Kan TIM jd bagi bagi tugas;percaya
yang lain boleh ikut gabung juga;percaya
Yg sudah absen silahkan kumpulkan tugas di vl;percaya
Yg pentinf visio;percaya
Coba aja bapa ambil contoh pesan errornya;percaya
Okok bentar saya coba dulu;percaya
saatnya mengecek kerjaan proyek 1;percaya
tar saya liatin dulu;percaya
beneran keren kreatif;percaya
Bu maaf mau bertanya ini menggunakan nomor hp atau nomor wa;percaya
Anak2 boleh coba comment, nanti ITeung akan mengabsen;percaya
Anak2 boleh coba komunikasi dg Iteung, mesti ada kata2 Iteung;percaya
Stay safe miss;percaya
Kayanya ketik namanya aja;percaya
Silahkan masukkan no wa ke profil di siap format pake 62 tanpa menggunakan +;percaya
di kolom handphone bukan telepon yah;percaya
saya tunggu tanggapannya;percaya
KM tolong dinpantau kawanmu disini semua;percaya
Yg belum bangun segera.bangunkan KM;percaya
Dwnload dl materinya di siap ya;percaya
Hayu atu gas , yakali ga hayyuuuuu;percaya
Semoga kita di jauhkan dengan virus dan di dekatkan dengan yang serius teung;percaya
Sesi tanya jawab dibuka ya teman2;percaya
silahkan diskusi dl jawabannya kelompok pawawa;percaya
baik elsaa, terimakasih. jawaban yg informatif;percaya
sudah tidak perlu minta maaf masal;percaya
"oke temen"", buat yang mau bertanya dipersilahkan. 3 pertanyaan ya..";percaya
saya kasih waktu 5 menit lagi untuk membaca slide saya yang pemodelan dengan DFD;percaya
untuk moderator @Dimas Panji Prasetya ya;percaya
makanya kita mesti ngitung equivalent unit dulu... artinya kita meng-ekivalensikan nilai unit barang setengah jadi ke nilai produk akhir;percaya
ada lagi yang ingin ditanyakan;percaya
ini contohnya rama;percaya
ada yang tahu apa itu context diagram?;percaya
Buka dilaptop gih;percaya
coba di refresh lagi web.whatsapps nya;percaya
Kalo uda keluar ship to party berat dll baru di save;percaya
sabar- sabar jangan nyolot fal;percaya
saya beri waktu 10 menit untuk explore terkait DFD;percaya
Iyah baik pak;percaya
Baik bu, dapat dimengerti terimakasih bu;percaya
ada 3 pak, proccurement,sales order management dan production;percaya
Iya tanyain aja... Ntar sekalian minta tambahan aja yak;percaya
betul mona, itu berarti tidak sesuai dengan keadaan perusahaan. percuma buat perencanaan tapi tidak bs dijalankan;percaya
Okey ringgal save ada di bawah ha;percaya
jadi kita gambarkan dulu ruang lingkup dari sistem yang akan kita bangun;percaya
ada yang bisa memberikan contoh?;percaya
okay kalau sudah..sy akhiri ya.;percaya
iya betul, jadi apa bedanya sama bahasa yang formal;percaya
ya betul semua;percaya
Iya fer aku juga merasa;percaya
Sudah saya rubah pak;percaya
Regi coba ulangi lagi dr awal kalo gt;percaya
ayo pak di mulai saja perkuliahannya,,,;percaya
Selection datenya blm diubah;percaya
nggk boleh males teung;percaya
sesi diskusi dibuka yaa..silahkan apabila ada pertanyaan;percaya
Kalian yakin nomor hape sdh diupdate?;percaya
Mudah2an aman2 aja ya,,,;percaya
Kalian yg msh aktif buka WA dan mau diabsen silakan isi chat;percaya
iya ini mau sy tutup yaa;percaya
Gpp back aja;percaya
Pas di gantinya kamu klik simpan kan ja?;percaya
Gapapa kata ibu nyaa;percaya
Okey langsung click good issue;percaya
boleh tp jangan hanya 1 paragraf ya;percaya
ya sudah lah nnti sy laporkan sj. 3 orang ya, rama, ainun dan El;percaya
Bentar bentar minum dulu;percaya
kita mulai yaaa;percaya
Tolong dijelaskan secara rinci proses bisnis pos yang mengarah kepada bisnis freight forwarder, sistemnya gimana dll;percaya
Dipersilahkan kpd maria dan nian;percaya
D urus aja mer;percaya
Bisa lanjut aja dulu;percaya
mnurut aku sih sma kak, hand truck pallet nama lngkpnya;percaya
Beresin aja ya Biar ga ada hutang;percaya
Teman - teman kita mulainya persentasi trakhir;percaya
Itu udah semua;percaya
Silakan kepada iteung di absen;percaya
Pak saya sudah input;percaya
ini bisa kita pilih salah satu;percaya
ya intinya jangan panik, tetap jaga kesehatan, kebersihan dan ikuti instruksi pemerintah;percaya
siaap aman terkendali pak;percaya
oke hari ini beres semua berarti ya;percaya
yang pulang kampung hati hati dijalan yaa..;percaya
Terimakasih ibuuu, jaga kesehatan semuanyaa;percaya
Jaga kesehatan juga unt semuanya, be safe, dan salam untuk keluarga di rumah yaa....;percaya
perbaiki kembali ya;percaya
Siap bapak sedang saya perbaiki;percaya
Selamat malam bapak, maaf izin lapor tugas  sudah saya kerjakan, terimakasih;percaya
Lg di coba dulu pa pelan2;percaya
sok silakan dikerjakan..seharusnya ada yg ditanya ketika kalian mengerjakan tugas tsb;percaya
Silahkan kalo ada yg mau bertanya;percaya
"Bebas asal Pak rolly izinin 
Mau coba 1";percaya
ayo gantian jawabnya;percaya
sudah lengkap pak hari dan pa fahri  hari ini akan disusulkan pengajuan prodinya ke wadir 1  atas hal ini  menurut informasi pembayaran perwalian akan direalisasikan bulan november;percaya
tugas dan slide sudah ada di vl;percaya
okey sir let me itung yg sudah ngumpulin;percaya
sudah di input iiteung  nama dosen  febriani sulistiyaningsih s kom   m cs  mata kuliah  sim logistik + praktikum  teori  materi  penggunaan sistem informasi di lingkungan global kelas  2b jurusan  d4 logistik bisnis tanggal  27-10-2020 waktu mulai  07 00 00 waktu selesai  10 20 00 pertemuan ke  2 1  6194055 wafiq azizah 2  6194035 husniyyah nuurhidayah 3  6194034 gagah prabowo aji 4  6194029 adam darmawan 5  6194030 andi nurhidayatul islamiyah 6  6194037 istmu adzan 7  6194039 jessica glory asteria 8  6194052 sisilia antonia riyanti mali 9  6194042 muhammad farhan jauhari 10  6194047 rd  gheariva aurelya fisani 11  6194051 sarah nurul izzati 12  6194045 mustafia 13  6194040 mega silvia tumanggor 14  6194048 rendi alifiansah 15  6174101 rivan alfianto 16  6194031 aulia mubtadiatus sholihah 17  6194054 syamsu hidayat 18  6194056 yasya silmi ghassani 19  6194050 rini anatasya manurung 20  6194049 r  noverly chandra pratama 21  6194036 ignatius dirgantara 22  6194032 dhani al farisi 23  6194038 ivan reski 24  6194033 faninda rifaatus urfa 25  6184207 rikardo riki lusel  mahasiswa tidak masuk 26  6194046 partiwi faudia marga ayu - ijin 27  6194176 try chandra puspito - ijin;percaya
ok ya sudah betul;percaya
klo yg terakhir jam 10 15 sudah submit ya sudah;percaya
iya pak  sebagian dosen yang lain sudah setuju untuk mata kuliahnya diliburkan pak;percaya
para mhs karena waktu sudah habis  saya akhiri kuliah atau pertemuan ke-dua hari ini  sampai jumpa lagi minggu depan  semoga kita senantiasa sehat wal afiat  semoga covid-19 segera berlalu  assalamualaikum wr  wb;percaya
yang saya sudah bisa berarti ya pak;percaya
sudah bisa bu  terimakasih;percaya
kalau sudah  silakan liat vl nya ya;percaya
file nya sudah saya satukan  ganti dengan file yang sudah saya aplod kembali ya;percaya
saya sudah pah;percaya
siap  sudah bu;percaya
ya sudah  ke tuhas aja dlu;percaya
untuk tugasnya yang sudah selesai  boleh dikumpulkan;percaya
baik bu terima kasih saya sudah terabsen;percaya
urutan 28 benar bu;percaya
betul  merasa pinter padahal blm tentu otaknya berfungsi;percaya
betul pak lagi berunding di grup kelas;percaya
iyaa betul buu;percaya
sudah betul buat tutorialnya isi databasenya;percaya
jd td betul jawaban dr temen kalian ya    semua tergantung pada persetujuan awal;percaya
yang pasti admin itu kan terpercaya  untuk menyampaikan info yang benar;percaya
enakkkkkkkkkkkk   sudah  percaya saja kalau enak;percaya
pertemuan selanjutnya di hari jumat yh pak jika tidak salah;percaya
mudah kok  yang penting jangan gugup percaya diri selalu;percaya
grup km pak  kalo tidak salah kampus hanya memberikan data mahasiswa saja pak;percaya
iya pak pagi   dan kalau tidak salah itu jam 8 pagi pak mulainya;percaya
semuanya kalo tidak salah ada 13 mhs menurut absensi si iiteung;percaya
memahami pancasilla dengan metode filsafat itu memang sangat penting untuk dilakukan  karena berpijak pada jaman dulu  bahwa pancasilla itu hanya dianggap sebagai dasar negara saja tapi tidak tau apa sih sebenarnya makna dari pancasilla itu  seperti seolah olah orang orang itu di doktrin     sehingga mengakibatkan banyak kejadian2 negatif yang mengatas namakan pancasilla  sehingga setelah terjadi berbagai kejadian tersebut  banyak  orang yang trauma dengan pancasilla  oleh karena itu penting sekali memahami arti makna sebeneranya dari pancasilla sendiri menggunakan metode filsafat agar kita semua tidak salah dalam mengamalkannya  yaitu dengan 3 konsep filsafat  yaitu 1  metafisika - hakikat ontologi 2  esgimologi - ilmu pengetahuan 3  aksiologi - nilai;percaya
kemarin waktu saya download versinya 3 1 pak tapi ketika sudah terdownload justru jadi 2 sepertinya pak kalau tidak salah;percaya
kalau tidak salah ada bu;percaya
coba yuk kita kerjakan dengan menggunakan rumus elastisitas yg sudah saya share;percaya
selamat siang  assalamualaikum  materi week 3 sudah saya upload ke google drive  dlm bentuk pdf   silakan dipelajari  apabila ada pertanyan bisa disampaikan melalui wa grup;percaya
baik  sudah saya catat yang menjawab   kata kuncinya multithreading pada perangkat keras;percaya
untuk materi sudah saya upload melalui vl  di akhir slide ada tugas yang perlu dikerjakan  waktunya 1 minggu dan dikumpulkan melalui link ini ya bapak ibu  https   forms gle vknatejxextyviyk8;percaya
dibaca ya   bandingkan dengan ppt lainnya yang sudah saya kirim;percaya
tugasnya sudah saya share di gc  kumpulkan hanya perwakilan 1 orang saja;percaya
soal quiz dan materi sudah saya upload;percaya
materi yang bop sudah saya kirim di vl;percaya
yang biaya tenaga kerja sudah saya kirim di sini;percaya
kan sudah sama iiteung;percaya
sudah saya tanyakan ke support iiteungnya pak  namun belum ada respon;percaya
aku percaya ke pada allah bapa bapa yang maha kuasa khalit langit dan bumi;percaya
materi sudah saya share di vl  silahkan dibaca terlebih dahulu;percaya
iyah percaya ko pak percaya  haha;percaya
percaya soal ngulik ke hanif gw mah da;percaya
setuju kita bertiga sabtu ya;percaya
iyaa saya setuju pak;percaya
boleh bu saya setuju;percaya
aku si setuju aja wkwk;percaya
iya pak sudah di klik tinggal dapat persetujuan dari bapak;percaya
selamat siang pak setuju;percaya
masih adzan kita tunda dulu rekaman nya ya;percaya
okey dh bres tar ibu krm link ya;percaya
mencoba mengambil data geospasial pak;percaya
kita akhiri ya perkuliahan dgn hamdalah  nonmuslimnsilakan menyesuaikan;percaya
yang sudah mengumpulkan silahkan jika mau diperbaiki;percaya
ud gda yg blh absen yaa;percaya
material da pr sudah ada;percaya
